지점,지점명,일시,1.5M 평균 습도(%),10CM 일 토양수분(%),1.5M 평균 기온(°C),평균 지면온도(°C)
119,수원(농),2022-03-01,83,24,4.7,3.3
119,수원(농),2022-03-02,64,14,2.7,2.4
119,수원(농),2022-03-03,64,18,4.7,3.5
119,수원(농),2022-03-04,65,17,6.9,3.5
119,수원(농),2022-03-05,36,20,3.1,2.4
119,수원(농),2022-03-06,43,14,1.5,2
119,수원(농),2022-03-07,59,14,2,2.6
119,수원(농),2022-03-08,66,18,4.7,4.2
119,수원(농),2022-03-09,77,19,5.9,6.4
119,수원(농),2022-03-10,62,18,8.3,7
119,수원(농),2022-03-11,66,18,10.1,8.4
119,수원(농),2022-03-12,77,17,13,10.5
119,수원(농),2022-03-13,97,27,11.8,11.1
119,수원(농),2022-03-14,94,24,8.7,8
119,수원(농),2022-03-15,79,26,6.4,8.1
119,수원(농),2022-03-16,74,24,8.8,8.8
119,수원(농),2022-03-17,65,24,11.1,9.3
119,수원(농),2022-03-18,61,24,8.3,7
119,수원(농),2022-03-19,94,31,3.4,4.3
119,수원(농),2022-03-20,75,28,4.5,6.4
119,수원(농),2022-03-21,54,26,4.7,3.9
119,수원(농),2022-03-22,51,24,6.8,6.5
119,수원(농),2022-03-23,63,23,5.6,5.4
119,수원(농),2022-03-24,70,22,8,6.1
119,수원(농),2022-03-25,69,22,12.4,9.5
119,수원(농),2022-03-26,87,30,10.8,10.6
119,수원(농),2022-03-27,60,28,7.6,7.7
119,수원(농),2022-03-28,39,25,7.1,7.3
119,수원(농),2022-03-29,59,24,8.8,9.3
119,수원(농),2022-03-30,79,22,9.9,8.9
119,수원(농),2022-03-31,74,22,10.5,11
119,수원(농),2022-04-01,59,21,8.5,9.6
119,수원(농),2022-04-02,61,20,6.9,9.4
119,수원(농),2022-04-03,63,19,8.2,10.3
119,수원(농),2022-04-04,58,18,8.7,10.8
119,수원(농),2022-04-05,50,17,9.5,10.7
119,수원(농),2022-04-06,53,17,10.6,12.4
119,수원(농),2022-04-07,49,16,10.5,12.9
119,수원(농),2022-04-08,51,15,12.5,13.9
119,수원(농),2022-04-09,48,14,17.2,15.1
119,수원(농),2022-04-10,54,14,17,17.7
119,수원(농),2022-04-11,67,13,18.7,19
119,수원(농),2022-04-12,80,13,18.5,20.9
119,수원(농),2022-04-13,83,19,11.6,12.2
119,수원(농),2022-04-14,65,23,11.1,10.4
119,수원(농),2022-04-15,58,20,11.7,14.1
119,수원(농),2022-04-16,56,18,11.7,14.8
119,수원(농),2022-04-17,61,17,12.2,15.5
119,수원(농),2022-04-18,51,16,13.6,15.4
119,수원(농),2022-04-19,60,14,13.2,16.6
119,수원(농),2022-04-20,58,13,13.9,17.4
119,수원(농),2022-04-21,52,12,15,16
119,수원(농),2022-04-22,75,12,15.1,14.7
119,수원(농),2022-04-23,62,12,16.3,18.5
119,수원(농),2022-04-24,75,11,17.6,20.2
119,수원(농),2022-04-25,79,10,19.9,20.3
119,수원(농),2022-04-26,70,23,19.4,19.9
119,수원(농),2022-04-27,38,17,16,17.4
119,수원(농),2022-04-28,55,16,16.1,19
119,수원(농),2022-04-29,68,26,13.4,14.4
119,수원(농),2022-04-30,68,23,12.8,14.5
119,수원(농),2022-05-01,60,19,12.8,16.1
119,수원(농),2022-05-02,67,18,13.2,17
119,수원(농),2022-05-03,53,17,14,17.7
119,수원(농),2022-05-04,46,15,16.5,18.7
119,수원(농),2022-05-05,56,14,17.3,20.9
119,수원(농),2022-05-06,72,13,18.4,21.5
119,수원(농),2022-05-07,67,12,16.7,20.3
119,수원(농),2022-05-08,53,11,15.2,15.8
119,수원(농),2022-05-09,62,13,16.7,20.6
119,수원(농),2022-05-10,49,12,18.1,21
119,수원(농),2022-05-11,55,10,17.9,22.7
119,수원(농),2022-05-12,61,10,19.1,23.5
119,수원(농),2022-05-13,56,9,18.5,20.9
119,수원(농),2022-05-14,56,8,14.7,19.5
119,수원(농),2022-05-15,45,8,14.6,20.6
119,수원(농),2022-05-16,54,8,16.4,21.2
119,수원(농),2022-05-17,56,7,19.6,23.3
119,수원(농),2022-05-18,54,7,20.4,21
119,수원(농),2022-05-19,47,7,19.7,21.4
119,수원(농),2022-05-20,57,6,19.7,23.4
119,수원(농),2022-05-21,77,6,19.1,25.5
119,수원(농),2022-05-22,75,6,19.6,26.3
119,수원(농),2022-05-23,68,6,21.6,27.6
119,수원(농),2022-05-24,66,5,20.9,27.2
119,수원(농),2022-05-25,77,5,19.7,26.6
119,수원(농),2022-05-26,63,10,18.2,22.8
119,수원(농),2022-05-27,64,8,19.1,25.2
119,수원(농),2022-05-28,55,7,21.5,25.1
119,수원(농),2022-05-29,65,6,21.9,25.2
119,수원(농),2022-05-30,81,6,19.7,22.4
119,수원(농),2022-05-31,58,6,19.6,25.1
119,수원(농),2022-06-01,40,5,21.2,26.7
119,수원(농),2022-06-02,75,5,19.9,26.6
119,수원(농),2022-06-03,68,4,23.1,30.2
119,수원(농),2022-06-04,61,4,24.5,28
119,수원(농),2022-06-05,62,4,21.5,22.6
119,수원(농),2022-06-06,70,5,19.5,21.5
119,수원(농),2022-06-07,57,5,19.9,24.4
119,수원(농),2022-06-08,67,4,20.6,25.1
119,수원(농),2022-06-09,75,4,20.7,24.6
119,수원(농),2022-06-10,74,4,21.3,25.1
119,수원(농),2022-06-11,54,5,24.3,27.1
119,수원(농),2022-06-12,60,4,23.7,29.5
119,수원(농),2022-06-13,51,4,24.7,30.2
119,수원(농),2022-06-14,51,3,21.1,25
119,수원(농),2022-06-15,91,10,18,19.5
119,수원(농),2022-06-16,76,20,19.9,22.5
119,수원(농),2022-06-17,76,18,21.7,22.3
119,수원(농),2022-06-18,78,17,23.1,23.4
119,수원(농),2022-06-19,80,16,23.3,23.7
119,수원(농),2022-06-20,73,15,24.6,25.4
119,수원(농),2022-06-21,73,13,24.6,28.7
119,수원(농),2022-06-22,73,10,24.4,27.9
119,수원(농),2022-06-23,88,9,24.3,23.4
119,수원(농),2022-06-24,78,23,23.3,25.1
119,수원(농),2022-06-25,67,21,26.4,26.5
119,수원(농),2022-06-26,62,17,27.1,25.1
119,수원(농),2022-06-27,60,16,27.8,26.3
119,수원(농),2022-06-28,53,17,28.4,25.8
119,수원(농),2022-06-29,76,23,25.6,25.2
119,수원(농),2022-06-30,93,35,23.8,24
119,수원(농),2022-07-01,79,28,27.3,29.1
119,수원(농),2022-07-02,69,26,27.9,30.8
119,수원(농),2022-07-03,60,23,28.5,30.5
119,수원(농),2022-07-04,67,18,28.7,30.5
119,수원(농),2022-07-05,78,14,28.1,29.8
119,수원(농),2022-07-06,76,11,29.6,30.9
119,수원(농),2022-07-07,80,25,29,27.9
119,수원(농),2022-07-08,83,21,26.6,28.5
119,수원(농),2022-07-09,84,16,26.2,27.9
119,수원(농),2022-07-10,71,13,28.3,31.3
119,수원(농),2022-07-11,80,11,26.6,28.6
119,수원(농),2022-07-12,73,9,27.5,27.7
119,수원(농),2022-07-13,96,11,24.9,24.8
119,수원(농),2022-07-14,90,29,25,27.2
119,수원(농),2022-07-15,82,23,25.5,28.4
119,수원(농),2022-07-16,81,20,25.4,27.5
119,수원(농),2022-07-17,79,15,25.4,26.9
119,수원(농),2022-07-18,80,12,25.8,26.1
119,수원(농),2022-07-19,83,11,26.2,29.8
119,수원(농),2022-07-20,78,9,27,30.9
119,수원(농),2022-07-21,90,25,23.6,25.1
119,수원(농),2022-07-22,82,21,25.3,28.3
119,수원(농),2022-07-23,89,18,24.6,25.5
119,수원(농),2022-07-24,89,24,25.6,26.1
119,수원(농),2022-07-25,82,22,26.7,29.6
119,수원(농),2022-07-26,75,18,28.3,30.4
119,수원(농),2022-07-27,72,13,28,28.2
119,수원(농),2022-07-28,69,10,28.7,31.4
119,수원(농),2022-07-29,69,8,30.6,32.9
119,수원(농),2022-07-30,63,6,31.1,33.7
119,수원(농),2022-07-31,87,6,27.5,27.3
119,수원(농),2022-08-01,83,26,28.7,28.6
119,수원(농),2022-08-02,93,23,27.3,27.6
119,수원(농),2022-08-03,89,29,27.9,29.5
119,수원(농),2022-08-04,84,23,28.7,32
119,수원(농),2022-08-05,86,21,28.7,30.8
119,수원(농),2022-08-06,90,18,28.5,29.4
119,수원(농),2022-08-07,84,22,29.2,29.3
119,수원(농),2022-08-08,92,19,27.4,27
119,수원(농),2022-08-09,97,33,26.4,26.5
119,수원(농),2022-08-10,95,30,23.5,25.6
119,수원(농),2022-08-11,97,31,24.5,26.5
119,수원(농),2022-08-12,79,26,26.4,30.1
119,수원(농),2022-08-13,91,24,25.4,25.3
119,수원(농),2022-08-14,94,26,27.1,28.2
119,수원(농),2022-08-15,85,26,28.4,28.2
119,수원(농),2022-08-16,81,24,26.2,30.2
119,수원(농),2022-08-17,82,21,25.3,28.4
119,수원(농),2022-08-18,80,18,25.1,27.3
119,수원(농),2022-08-19,88,15,26.2,25.8
119,수원(농),2022-08-20,84,24,27.3,30.2
119,수원(농),2022-08-21,81,20,27.4,29.4
119,수원(농),2022-08-22,81,16,26.4,27.1
119,수원(농),2022-08-23,83,26,24.9,27.1
119,수원(농),2022-08-24,71,21,24.5,24.4
119,수원(농),2022-08-25,80,17,22.1,22.9
119,수원(농),2022-08-26,79,17,23.2,25.4
119,수원(농),2022-08-27,62,18,21.7,26
119,수원(농),2022-08-28,64,12,22.2,25.5
119,수원(농),2022-08-29,74,11,20.9,21.2
119,수원(농),2022-08-30,98,26,19.3,20.2
119,수원(농),2022-08-31,89,24,21.3,22.4
119,수원(농),2022-09-01,77,22,23.7,26.1
119,수원(농),2022-09-02,65,18,24.6,24.9
119,수원(농),2022-09-03,61,14,24.3,23.8
119,수원(농),2022-09-04,85,11,23.4,22.8
119,수원(농),2022-09-05,97,28,19.9,21.1
119,수원(농),2022-09-06,82,30,20.9,22.3
119,수원(농),2022-09-07,74,24,21.7,23.4
119,수원(농),2022-09-08,74,20,22.2,24.5
119,수원(농),2022-09-09,67,17,23.5,24.8
119,수원(농),2022-09-10,51,13,23.2,22.9
119,수원(농),2022-09-11,69,11,22.9,23.4
119,수원(농),2022-09-12,79,11,23.6,24.6
119,수원(농),2022-09-13,75,10,24.5,23.5
119,수원(농),2022-09-14,53,10,25,23.1
119,수원(농),2022-09-15,62,8,25.4,24
119,수원(농),2022-09-16,76,7,26,25.9
119,수원(농),2022-09-17,87,19,25.6,27.3
119,수원(농),2022-09-18,74,15,27.3,26.5
119,수원(농),2022-09-19,61,12,25,25.1
119,수원(농),2022-09-20,58,9,19.5,21.8
119,수원(농),2022-09-21,60,8,19,22.1
119,수원(농),2022-09-22,64,7,19.2,22.5
119,수원(농),2022-09-23,74,6,16.9,19.6
119,수원(농),2022-09-24,71,7,17.7,21.6
119,수원(농),2022-09-25,72,6,19.3,21.5
119,수원(농),2022-09-26,65,6,19.4,22
119,수원(농),2022-09-27,72,6,19.9,22.9
119,수원(농),2022-09-28,78,5,19.9,21.6
119,수원(농),2022-09-29,81,5,19.2,22.3
119,수원(농),2022-09-30,78,5,19.8,22.6
119,수원(농),2022-10-01,77,5,19.5,21.2
119,수원(농),2022-10-02,78,5,19.9,19.6
119,수원(농),2022-10-03,97,23,22.5,21.3
119,수원(농),2022-10-04,78,22,18.9,21.5
119,수원(농),2022-10-05,70,21,16.2,19
119,수원(농),2022-10-07,65,18,14.5,17.9
119,수원(농),2022-10-08,65,17,15.8,15.8
119,수원(농),2022-10-09,84,15,13.4,14
119,수원(농),2022-10-10,78,30,10,13.1
119,수원(농),2022-10-11,73,25,10.7,14
119,수원(농),2022-10-12,75,23,12.7,13.8
119,수원(농),2022-10-13,74,21,15.6,15.7
119,수원(농),2022-10-14,79,20,16.3,16.8
119,수원(농),2022-10-15,75,18,17.7,18.5
119,수원(농),2022-10-16,80,17,17.1,17.2
119,수원(농),2022-10-17,50,16,11.6,14.2
119,수원(농),2022-10-18,54,15,9.2,11.8
119,수원(농),2022-10-19,64,14,9.7,11.5
119,수원(농),2022-10-20,73,13,12.1,13.3
119,수원(농),2022-10-21,74,12,13,14
119,수원(농),2022-10-22,79,12,14.5,15
129,서산(농),2022-03-01,74,18,5,6
129,서산(농),2022-03-02,74,13,1.4,5.4
129,서산(농),2022-03-03,79,16,3.3,6.9
129,서산(농),2022-03-04,76,18,6.8,8.4
129,서산(농),2022-03-05,44,17,2.9,6.3
129,서산(농),2022-03-06,44,15,1.1,6.1
129,서산(농),2022-03-07,63,14,1.1,6.5
129,서산(농),2022-03-08,73,15,3.2,9
129,서산(농),2022-03-09,77,16,5.9,11.1
129,서산(농),2022-03-10,73,16,5.1,7.7
129,서산(농),2022-03-11,69,16,10.7,11.4
129,서산(농),2022-03-12,85,16,11.4,12.2
129,서산(농),2022-03-13,97,30,10.5,11.4
129,서산(농),2022-03-14,95,28,7.3,8
129,서산(농),2022-03-15,83,28,5.2,9.6
129,서산(농),2022-03-16,75,20,7.4,10.8
129,서산(농),2022-03-17,75,20,8.4,8.1
129,서산(농),2022-03-18,75,20,7.2,7.6
129,서산(농),2022-03-19,87,21,3.9,5.7
129,서산(농),2022-03-20,76,21,3.7,7.8
129,서산(농),2022-03-21,62,21,3.7,4.9
129,서산(농),2022-03-22,64,21,5.3,8.8
129,서산(농),2022-03-23,71,21,4.9,7.5
129,서산(농),2022-03-24,73,21,7,9
129,서산(농),2022-03-25,70,20,12.2,10.9
129,서산(농),2022-03-26,83,21,9.8,12.2
129,서산(농),2022-03-27,69,21,6.2,9.3
129,서산(농),2022-03-28,58,21,5.4,9.2
129,서산(농),2022-03-29,65,21,7.6,11.9
129,서산(농),2022-03-30,91,21,8.4,8.9
129,서산(농),2022-03-31,81,21,8.5,11.6
129,서산(농),2022-04-01,64,21,7.5,12.2
129,서산(농),2022-04-02,68,21,4.8,9.9
129,서산(농),2022-04-03,64,21,6.5,12.5
129,서산(농),2022-04-04,57,20,7.5,13.3
129,서산(농),2022-04-05,55,20,7.1,11.3
129,서산(농),2022-04-06,63,19,10,14.7
129,서산(농),2022-04-07,65,19,9.3,15.1
129,서산(농),2022-04-08,64,18,10.5,16.2
129,서산(농),2022-04-09,51,17,15.6,18
129,서산(농),2022-04-10,56,17,16.7,20.4
129,서산(농),2022-04-11,75,16,17.7,23.1
129,서산(농),2022-04-12,88,15,16.6,20.9
129,서산(농),2022-04-13,94,16,11,11.9
129,서산(농),2022-04-14,83,19,10,11.6
129,서산(농),2022-04-15,67,19,10.4,14.1
129,서산(농),2022-04-16,58,19,11.5,15.9
129,서산(농),2022-04-17,75,19,10.5,15.9
129,서산(농),2022-04-18,65,19,12.3,16.4
129,서산(농),2022-04-19,70,18,12,18.1
129,서산(농),2022-04-20,65,17,12.9,18.9
129,서산(농),2022-04-21,61,17,12.7,16.1
129,서산(농),2022-04-22,85,16,13.5,14.4
129,서산(농),2022-04-23,72,16,15.1,20.5
129,서산(농),2022-04-24,84,15,16.5,23
129,서산(농),2022-04-25,79,15,19,21.8
129,서산(농),2022-04-26,78,17,17.9,22.1
129,서산(농),2022-04-27,45,16,14.3,19.7
129,서산(농),2022-04-28,57,15,14.6,19.9
129,서산(농),2022-04-29,79,19,12.8,15.8
129,서산(농),2022-04-30,78,19,11.9,16
129,서산(농),2022-05-01,67,19,11.6,16.8
129,서산(농),2022-05-02,69,18,11.9,18.2
129,서산(농),2022-05-03,61,17,11.6,17.6
129,서산(농),2022-05-04,49,16,14.7,18.9
129,서산(농),2022-05-05,65,15,15.7,21.7
129,서산(농),2022-05-06,74,15,18.1,24
129,서산(농),2022-05-07,65,14,15.5,22.4
129,서산(농),2022-05-08,62,13,15.4,18.5
129,서산(농),2022-05-09,64,13,15.8,22.4
129,서산(농),2022-05-10,49,12,17.6,25.3
129,서산(농),2022-05-11,62,12,16.8,23.8
129,서산(농),2022-05-12,65,11,17.5,23.8
129,서산(농),2022-05-13,60,11,16.3,20.9
129,서산(농),2022-05-14,56,10,13.4,20.3
129,서산(농),2022-05-15,58,10,13.4,21.5
129,서산(농),2022-05-16,70,10,14.3,20.2
129,서산(농),2022-05-17,72,9,17.7,22.5
129,서산(농),2022-05-18,61,9,18.9,22.8
129,서산(농),2022-05-19,57,9,18.2,22.6
129,서산(농),2022-05-20,65,9,18.5,25.6
129,서산(농),2022-05-21,82,9,17.8,25.3
129,서산(농),2022-05-22,85,8,17.5,24.6
129,서산(농),2022-05-23,80,8,19.7,25.9
129,서산(농),2022-05-24,68,8,20.1,27.7
129,서산(농),2022-05-25,77,8,19,27
129,서산(농),2022-05-26,69,9,17.5,23.5
129,서산(농),2022-05-27,69,8,19,26.8
129,서산(농),2022-05-28,74,8,20.3,25.5
129,서산(농),2022-05-29,75,8,20.9,26.9
129,서산(농),2022-05-30,79,8,18.7,23
129,서산(농),2022-05-31,58,8,18.5,25.2
129,서산(농),2022-06-01,46,7,21,27.4
129,서산(농),2022-06-02,76,7,20.4,28.2
129,서산(농),2022-06-03,72,7,22.4,28.9
129,서산(농),2022-06-04,71,7,23.5,27.4
129,서산(농),2022-06-05,79,7,19.9,21.4
129,서산(농),2022-06-06,70,7,19.9,24.8
129,서산(농),2022-06-07,70,7,18.2,21
129,서산(농),2022-06-08,77,7,19,22.2
129,서산(농),2022-06-09,76,7,20,24.1
129,서산(농),2022-06-10,70,7,21.1,27.5
129,서산(농),2022-06-11,63,7,23.2,30.3
129,서산(농),2022-06-12,70,7,22.5,29.6
129,서산(농),2022-06-13,59,7,23.9,30.6
129,서산(농),2022-06-14,64,7,19.5,23.5
129,서산(농),2022-06-15,88,17,18.7,21.7
129,서산(농),2022-06-16,74,17,20,24.9
129,서산(농),2022-06-17,83,16,21.4,22.5
129,서산(농),2022-06-18,82,15,22.6,25.7
129,서산(농),2022-06-19,84,14,23.2,25.4
129,서산(농),2022-06-20,78,14,24.5,28.2
129,서산(농),2022-06-21,80,13,23.7,30.7
129,서산(농),2022-06-22,76,11,24.3,29.9
129,서산(농),2022-06-23,92,10,23,24.2
129,서산(농),2022-06-24,91,19,22.1,23.3
129,서산(농),2022-06-25,88,18,24,24.8
129,서산(농),2022-06-26,87,18,25.1,24.5
129,서산(농),2022-06-27,82,17,26.3,25.3
129,서산(농),2022-06-28,82,17,26,24.7
129,서산(농),2022-06-29,93,18,24.2,24.2
129,서산(농),2022-06-30,90,19,25,24.5
129,서산(농),2022-07-01,81,19,26.5,28.8
129,서산(농),2022-07-02,80,19,26.8,30.2
129,서산(농),2022-07-03,69,19,27.5,30.9
129,서산(농),2022-07-04,78,18,26.7,28.6
129,서산(농),2022-07-05,79,19,27,30
129,서산(농),2022-07-06,75,18,28.8,31.2
129,서산(농),2022-07-07,79,18,27.8,29.9
129,서산(농),2022-07-08,81,18,25.9,31
129,서산(농),2022-07-09,74,17,27.1,33.4
129,서산(농),2022-07-10,75,15,27.6,31.1
129,서산(농),2022-07-11,85,15,25.1,30.2
129,서산(농),2022-07-12,84,15,26,27.6
129,서산(농),2022-07-13,92,15,25.1,25.2
129,서산(농),2022-07-14,87,19,24.3,26.7
129,서산(농),2022-07-15,80,19,25.1,28.6
129,서산(농),2022-07-16,80,18,25.1,29
129,서산(농),2022-07-17,82,18,24.9,27.7
129,서산(농),2022-07-18,86,18,23.7,25.8
129,서산(농),2022-07-19,83,18,25.2,26.9
129,서산(농),2022-07-20,79,17,26.2,28.4
129,서산(농),2022-07-21,86,21,23.2,24.9
129,서산(농),2022-07-22,81,19,24.5,26.2
129,서산(농),2022-07-23,86,19,23.7,25.1
129,서산(농),2022-07-24,87,20,24.9,25.9
129,서산(농),2022-07-25,78,20,26,30.3
129,서산(농),2022-07-26,81,19,26.7,30
129,서산(농),2022-07-27,78,19,27.3,30.4
129,서산(농),2022-07-28,72,18,28.2,31.4
129,서산(농),2022-07-29,74,17,28.9,32.1
129,서산(농),2022-07-30,70,16,29.5,31.1
129,서산(농),2022-07-31,85,14,26.6,27.1
129,서산(농),2022-08-01,82,21,28,28.4
129,서산(농),2022-08-02,89,21,26.7,26.8
129,서산(농),2022-08-03,88,20,27.5,30.1
129,서산(농),2022-08-04,84,20,28.2,31.8
129,서산(농),2022-08-05,86,23,28.3,31.6
129,서산(농),2022-08-06,87,24,28.3,30.7
129,서산(농),2022-08-07,85,23,28.5,30.1
129,서산(농),2022-08-08,90,22,27.4,27.3
129,서산(농),2022-08-09,90,27,27.3,27.2
129,서산(농),2022-08-10,94,28,23.3,25.2
129,서산(농),2022-08-11,93,33,24.5,25.4
129,서산(농),2022-08-12,80,27,25.1,28.7
129,서산(농),2022-08-13,91,26,24.4,25.5
129,서산(농),2022-08-14,92,27,26.7,27.1
129,서산(농),2022-08-15,89,26,,27
129,서산(농),2022-08-16,80,27,25.7,28.6
129,서산(농),2022-08-17,81,26,24,28
129,서산(농),2022-08-18,83,26,24,26.9
129,서산(농),2022-08-19,90,25,25.6,26.1
129,서산(농),2022-08-20,82,25,26.5,28.4
129,서산(농),2022-08-21,82,24,25.9,28
129,서산(농),2022-08-22,80,23,25.8,27.9
129,서산(농),2022-08-23,85,26,23.4,26.3
129,서산(농),2022-08-24,78,26,23.5,27.7
129,서산(농),2022-08-25,82,25,21.5,23.7
129,서산(농),2022-08-26,80,25,21.8,24.8
129,서산(농),2022-08-27,65,24,20.9,25.8
129,서산(농),2022-08-28,68,23,21.4,26.4
129,서산(농),2022-08-29,76,22,20.1,21.3
129,서산(농),2022-08-30,95,27,19.1,19.9
129,서산(농),2022-08-31,85,27,21.9,23.9
129,서산(농),2022-09-01,78,26,22.9,26.3
129,서산(농),2022-09-02,69,25,23.5,26
129,서산(농),2022-09-03,68,25,23.9,26.3
129,서산(농),2022-09-04,83,24,24,24.4
129,서산(농),2022-09-05,93,28,19.5,20.6
129,서산(농),2022-09-06,81,28,20.5,22.3
129,서산(농),2022-09-07,79,26,21.4,23.9
129,서산(농),2022-09-08,75,26,21.5,24.8
129,서산(농),2022-09-09,74,25,23,25.6
129,서산(농),2022-09-10,65,24,22.2,25.2
129,서산(농),2022-09-11,75,23,21.7,22.9
129,서산(농),2022-09-12,82,23,23,25
129,서산(농),2022-09-13,84,22,23.5,23.6
129,서산(농),2022-09-14,62,23,23.8,23.7
129,서산(농),2022-09-15,67,22,25.2,24.1
129,서산(농),2022-09-16,78,21,25.8,26.8
129,서산(농),2022-09-17,84,21,24.7,26.3
129,서산(농),2022-09-18,80,20,25.6,27.2
129,서산(농),2022-09-19,65,19,22.9,24.7
129,서산(농),2022-09-20,67,18,18.7,21.4
129,서산(농),2022-09-21,66,17,17.8,22.4
129,서산(농),2022-09-22,73,16,18,22.5
129,서산(농),2022-09-23,75,15,16.2,19.9
129,서산(농),2022-09-24,74,15,17.1,20.8
129,서산(농),2022-09-25,79,14,17.9,20.7
129,서산(농),2022-09-26,70,14,18.4,22.2
129,서산(농),2022-09-27,72,14,18.7,22.3
129,서산(농),2022-09-28,83,13,18.3,21.5
129,서산(농),2022-09-29,84,13,17.6,22.7
129,서산(농),2022-09-30,79,13,18.5,22.8
129,서산(농),2022-10-01,76,12,19.1,21.2
129,서산(농),2022-10-02,76,12,21.3,21.9
129,서산(농),2022-10-03,95,28,22.4,22
129,서산(농),2022-10-04,78,29,17.7,21.3
129,서산(농),2022-10-05,76,26,14.6,18.2
129,서산(농),2022-10-07,66,26,13.9,18.4
129,서산(농),2022-10-08,69,25,14.6,18.1
129,서산(농),2022-10-09,89,26,12.7,15.4
129,서산(농),2022-10-10,72,28,10.7,12.8
129,서산(농),2022-10-11,75,28,11.9,15.6
129,서산(농),2022-10-12,75,27,11.9,15.4
129,서산(농),2022-10-13,77,26,14.9,16.9
129,서산(농),2022-10-14,76,26,16.4,17.9
129,서산(농),2022-10-15,73,25,17.5,19.1
129,서산(농),2022-10-16,81,25,16.6,18.3
129,서산(농),2022-10-17,48,25,11.8,15.1
129,서산(농),2022-10-18,62,24,8.3,12.4
129,서산(농),2022-10-19,71,23,8.5,12.7
129,서산(농),2022-10-20,72,23,11.3,14.1
129,서산(농),2022-10-21,80,22,11.9,14.6
129,서산(농),2022-10-22,85,21,14,16.2
258,보성군(농),2022-03-01,74,0,9.2,8.5
258,보성군(농),2022-03-02,53,0,4.8,5
258,보성군(농),2022-03-03,73,0,6,5.9
258,보성군(농),2022-03-04,73,0,8.5,7.8
258,보성군(농),2022-03-05,51,0,6.8,6.8
258,보성군(농),2022-03-06,41,0,4.3,5.2
258,보성군(농),2022-03-07,43,0,5.7,6.1
258,보성군(농),2022-03-08,47,0,8.2,7.4
258,보성군(농),2022-03-09,59,0,8,8.6
258,보성군(농),2022-03-10,65,0,8.2,8.9
258,보성군(농),2022-03-11,80,0,11.8,10.5
258,보성군(농),2022-03-12,77,0,15.3,14.6
258,보성군(농),2022-03-13,97,0,13.7,12.8
258,보성군(농),2022-03-14,94,0,11.6,11.8
258,보성군(농),2022-03-15,68,0,10,11.4
258,보성군(농),2022-03-16,66,0,11.4,12
258,보성군(농),2022-03-17,75,0,11.6,11.1
258,보성군(농),2022-03-18,82,0,9.5,9.8
258,보성군(농),2022-03-19,83,0,5.7,7
258,보성군(농),2022-03-20,76,0,5.6,7.3
258,보성군(농),2022-03-21,58,0,7.6,8
258,보성군(농),2022-03-22,57,33,9.2,10.7
258,보성군(농),2022-03-23,70,33,7.3,8.5
258,보성군(농),2022-03-24,65,33,8.2,9.9
258,보성군(농),2022-03-25,85,33,12.1,10.9
258,보성군(농),2022-03-26,87,37,12.2,12.3
258,보성군(농),2022-03-27,54,36,11.6,11.5
258,보성군(농),2022-03-28,50,35,8.6,10.4
258,보성군(농),2022-03-29,70,35,9.5,12.5
258,보성군(농),2022-03-30,85,35,12.4,14.1
258,보성군(농),2022-03-31,76,35,12.6,13.1
258,보성군(농),2022-04-01,67,35,10.3,12
258,보성군(농),2022-04-02,62,34,9.3,12
258,보성군(농),2022-04-03,51,33,9.7,11.9
258,보성군(농),2022-04-04,52,33,10.9,12.2
258,보성군(농),2022-04-05,48,32,10.2,11.1
258,보성군(농),2022-04-06,51,31,13.9,14.1
258,보성군(농),2022-04-07,54,31,13.8,13.8
258,보성군(농),2022-04-08,59,30,12.4,14.6
258,보성군(농),2022-04-09,66,30,13.6,15.6
258,보성군(농),2022-04-10,75,30,15.5,17.6
258,보성군(농),2022-04-11,89,31,18.3,19.5
258,보성군(농),2022-04-12,86,31,19.3,21.4
258,보성군(농),2022-04-13,88,31,15.4,16.8
258,보성군(농),2022-04-14,,31,,
258,보성군(농),2022-04-15,62,30,14.5,17.7
258,보성군(농),2022-04-16,58,29,12.4,15.8
258,보성군(농),2022-04-17,34,28,15,15.3
258,보성군(농),2022-04-18,36,28,16.3,15
258,보성군(농),2022-04-19,31,27,17.3,17.4
258,보성군(농),2022-04-20,43,28,15.6,17.4
258,보성군(농),2022-04-21,81,27,11.4,13.6
258,보성군(농),2022-04-22,76,31,15.3,18.5
258,보성군(농),2022-04-23,75,30,18,19.4
258,보성군(농),2022-04-24,73,29,20.4,22.9
258,보성군(농),2022-04-25,80,28,19.1,20.9
258,보성군(농),2022-04-26,96,34,18.4,18.7
258,보성군(농),2022-04-27,63,33,17.4,19.7
258,보성군(농),2022-04-28,70,33,16.3,18.5
258,보성군(농),2022-04-29,87,35,13.3,15.8
258,보성군(농),2022-04-30,72,35,13.8,16.1
258,보성군(농),2022-05-01,51,34,13.7,16.2
258,보성군(농),2022-05-02,54,33,14.2,14.9
258,보성군(농),2022-05-03,63,33,12.6,16.5
258,보성군(농),2022-05-04,71,32,14,18.1
258,보성군(농),2022-05-05,76,32,16.1,19.9
258,보성군(농),2022-05-06,77,32,18.1,21.5
258,보성군(농),2022-05-07,67,31,18.6,20.4
258,보성군(농),2022-05-08,65,30,16.7,20
258,보성군(농),2022-05-09,67,30,15.8,18.5
258,보성군(농),2022-05-10,66,30,16.1,17.5
258,보성군(농),2022-05-11,72,31,18.4,20.3
258,보성군(농),2022-05-12,75,31,20.8,23.1
258,보성군(농),2022-05-13,79,31,18.1,18.5
258,보성군(농),2022-05-14,40,30,17.4,18.5
258,보성군(농),2022-05-15,38,28,16.8,19.9
258,보성군(농),2022-05-16,40,28,17.6,20.7
258,보성군(농),2022-05-17,64,28,16.9,19
258,보성군(농),2022-05-18,59,28,18.5,21.7
258,보성군(농),2022-05-19,59,28,18.2,19.9
258,보성군(농),2022-05-20,68,28,19,19.9
258,보성군(농),2022-05-21,63,28,21.9,23.9
258,보성군(농),2022-05-22,59,27,23,24.3
258,보성군(농),2022-05-23,59,27,23,24.6
258,보성군(농),2022-05-24,51,27,23,25.5
258,보성군(농),2022-05-25,65,27,21.8,25.1
258,보성군(농),2022-05-26,56,27,21.1,24.6
258,보성군(농),2022-05-27,57,26,21.2,23.6
258,보성군(농),2022-05-28,63,27,20.9,23.2
258,보성군(농),2022-05-29,70,27,20.2,25.6
258,보성군(농),2022-05-30,82,29,20.5,22.3
258,보성군(농),2022-05-31,49,28,22.4,24.1
258,보성군(농),2022-06-01,63,27,21.3,25.8
258,보성군(농),2022-06-02,75,27,21.9,26
258,보성군(농),2022-06-03,72,27,22.8,26.8
258,보성군(농),2022-06-04,65,27,22.1,24.3
258,보성군(농),2022-06-05,87,38,18.7,18.6
258,보성군(농),2022-06-06,76,33,21.5,24.1
258,보성군(농),2022-06-07,79,32,19.2,20.4
258,보성군(농),2022-06-08,82,32,18.6,20.5
258,보성군(농),2022-06-09,78,31,20.1,24.6
258,보성군(농),2022-06-10,78,31,20.7,23.8
258,보성군(농),2022-06-11,75,31,22.8,25.1
258,보성군(농),2022-06-12,77,30,21.7,26.4
258,보성군(농),2022-06-13,78,30,,20.4
258,보성군(농),2022-06-14,79,32,19.3,18.9
258,보성군(농),2022-06-15,85,31,21,23.5
258,보성군(농),2022-06-16,74,31,23.2,27.3
258,보성군(농),2022-06-17,80,31,23.6,28.6
258,보성군(농),2022-06-18,81,31,24.6,28.8
258,보성군(농),2022-06-19,80,30,24.6,28.5
258,보성군(농),2022-06-20,82,30,25.4,29.8
258,보성군(농),2022-06-21,75,30,26.8,31.9
258,보성군(농),2022-06-22,77,29,26.5,31.1
258,보성군(농),2022-06-23,88,29,25.2,25.9
258,보성군(농),2022-06-24,90,39,25.2,26.3
258,보성군(농),2022-06-25,88,35,25.3,26.7
258,보성군(농),2022-06-26,87,34,26.3,28.1
258,보성군(농),2022-06-27,93,34,25.9,26.7
258,보성군(농),2022-06-28,89,34,26.4,27.4
258,보성군(농),2022-06-29,93,35,25.7,26.3
258,보성군(농),2022-06-30,88,35,27.1,30.1
258,보성군(농),2022-07-01,82,34,27.3,30.7
258,보성군(농),2022-07-02,77,33,27.8,31.4
258,보성군(농),2022-07-03,76,33,28.3,31.9
258,보성군(농),2022-07-04,83,35,27.2,29.3
258,보성군(농),2022-07-05,80,33,28.1,31.5
258,보성군(농),2022-07-06,84,32,28.3,32.5
258,보성군(농),2022-07-07,85,32,28.6,30.1
258,보성군(농),2022-07-08,87,37,27.7,28.4
258,보성군(농),2022-07-09,76,34,27.9,32.2
258,보성군(농),2022-07-10,83,32,27.5,31.1
258,보성군(농),2022-07-11,87,37,27.4,30
258,보성군(농),2022-07-12,85,35,26.2,29.8
258,보성군(농),2022-07-13,88,34,25,25.8
258,보성군(농),2022-07-14,80,37,28.5,30.5
258,보성군(농),2022-07-15,77,34,27.9,29.4
258,보성군(농),2022-07-16,73,32,26.8,26.5
258,보성군(농),2022-07-17,86,33,26,26.2
258,보성군(농),2022-07-18,98,41,23.6,24.3
258,보성군(농),2022-07-19,79,39,27,27
258,보성군(농),2022-07-20,80,38,26.7,28.8
258,보성군(농),2022-07-21,82,38,25.4,25.5
258,보성군(농),2022-07-22,76,37,25.9,26.1
258,보성군(농),2022-07-23,87,36,24.7,26.8
258,보성군(농),2022-07-24,87,39,25.8,26.2
258,보성군(농),2022-07-25,81,38,26.9,28.6
258,보성군(농),2022-07-26,86,37,25.7,28.3
258,보성군(농),2022-07-27,81,36,26.3,28.9
258,보성군(농),2022-07-28,85,35,27,28.8
258,보성군(농),2022-07-29,78,34,29,30.4
258,보성군(농),2022-07-30,79,33,28.1,27.2
258,보성군(농),2022-07-31,92,37,26.7,26.1
258,보성군(농),2022-08-01,94,40,27,26.4
258,보성군(농),2022-08-02,88,39,27.9,28.3
258,보성군(농),2022-08-03,94,38,27.1,29.7
258,보성군(농),2022-08-04,88,38,28.3,30.2
258,보성군(농),2022-08-05,87,39,28.8,30.5
258,보성군(농),2022-08-06,86,36,29,30.7
258,보성군(농),2022-08-07,87,36,29.1,31.2
258,보성군(농),2022-08-08,85,35,28.6,30.3
258,보성군(농),2022-08-09,87,35,28.1,29.1
258,보성군(농),2022-08-10,86,34,28,29.2
258,보성군(농),2022-08-11,93,34,27.5,28
258,보성군(농),2022-08-12,88,38,28.2,29.8
258,보성군(농),2022-08-13,87,37,28.2,29.6
258,보성군(농),2022-08-14,85,37,29,30.6
258,보성군(농),2022-08-15,83,36,28.9,30.5
258,보성군(농),2022-08-16,93,36,27,27.2
258,보성군(농),2022-08-17,92,41,25.9,27.8
258,보성군(농),2022-08-18,84,40,25,27.6
258,보성군(농),2022-08-19,88,38,26.5,27.7
258,보성군(농),2022-08-20,93,38,27.2,28.1
258,보성군(농),2022-08-21,84,39,27,29.3
258,보성군(농),2022-08-22,78,38,25.8,28.6
258,보성군(농),2022-08-23,90,37,26.3,27.2
258,보성군(농),2022-08-24,90,39,25,27.1
258,보성군(농),2022-08-25,82,39,24.6,26.5
258,보성군(농),2022-08-26,69,37,24.5,26.9
258,보성군(농),2022-08-27,71,37,23.1,24.6
258,보성군(농),2022-08-28,76,36,21.1,23.1
258,보성군(농),2022-08-29,79,36,23,25.2
258,보성군(농),2022-08-30,91,35,23.8,24.3
258,보성군(농),2022-08-31,85,36,,25.4
258,보성군(농),2022-09-01,88,35,22.6,24.1
258,보성군(농),2022-09-02,87,35,22.3,22.1
258,보성군(농),2022-09-03,84,35,23.9,23.9
258,보성군(농),2022-09-04,87,35,25.7,26
258,보성군(농),2022-09-05,94,36,25.2,24.4
258,보성군(농),2022-09-06,78,39,22.6,23.7
258,보성군(농),2022-09-07,71,39,23,24.1
258,보성군(농),2022-09-08,77,37,21.8,24.6
258,보성군(농),2022-09-09,81,36,21.9,24.3
258,보성군(농),2022-09-10,80,36,21.9,23.3
258,보성군(농),2022-09-11,81,36,23.1,25.3
258,보성군(농),2022-09-12,92,35,23.1,24.1
258,보성군(농),2022-09-13,79,35,24.8,25.4
258,보성군(농),2022-09-14,71,35,24.5,25.2
258,보성군(농),2022-09-15,77,34,25.2,26
258,보성군(농),2022-09-16,85,34,25.6,25.6
258,보성군(농),2022-09-17,83,34,26.4,27.7
258,보성군(농),2022-09-18,75,34,28,27.8
258,보성군(농),2022-09-19,70,34,25.8,26.5
258,보성군(농),2022-09-20,67,33,21.2,23.4
258,보성군(농),2022-09-21,72,33,19,23.3
258,보성군(농),2022-09-22,77,33,19,22.5
258,보성군(농),2022-09-23,75,33,19.4,21.2
258,보성군(농),2022-09-24,61,32,18.9,19.8
258,보성군(농),2022-09-25,80,32,18.6,20.1
258,보성군(농),2022-09-26,88,32,18.7,20
258,보성군(농),2022-09-27,76,33,20.6,23
258,보성군(농),2022-09-28,81,33,20.8,22.1
258,보성군(농),2022-09-29,76,33,20.9,23
258,보성군(농),2022-09-30,78,32,19.7,22.4
258,보성군(농),2022-10-01,79,32,20.3,21.9
258,보성군(농),2022-10-02,82,32,21.5,23.8
258,보성군(농),2022-10-03,85,33,25.3,26
258,보성군(농),2022-10-04,82,41,20.9,22.2
258,보성군(농),2022-10-05,70,35,17.7,21.1
258,보성군(농),2022-10-07,68,33,16.3,19
258,보성군(농),2022-10-08,74,33,16,17.9
258,보성군(농),2022-10-09,84,33,15.4,16.7
258,보성군(농),2022-10-10,71,33,13.3,14
258,보성군(농),2022-10-11,65,32,14.5,15.8
258,보성군(농),2022-10-12,76,32,13.9,16.9
258,보성군(농),2022-10-13,77,31,15.8,18.5
258,보성군(농),2022-10-14,80,31,15.9,18.5
258,보성군(농),2022-10-15,82,31,17.1,20
258,보성군(농),2022-10-16,76,31,18.5,20.3
258,보성군(농),2022-10-17,54,31,15,17
258,보성군(농),2022-10-18,47,30,11.8,13.9
258,보성군(농),2022-10-19,55,29,11.9,13.5
258,보성군(농),2022-10-20,69,29,11.5,14.4
258,보성군(농),2022-10-21,78,30,15.1,16.3
258,보성군(농),2022-10-22,69,30,18.4,18.1
702,익산,2022-03-01,81,19,5.9,6.1
702,익산,2022-03-02,75,18,1.4,4
702,익산,2022-03-03,69,17,4.7,5.7
702,익산,2022-03-04,66,17,8.7,7.6
702,익산,2022-03-05,48,18,4.4,5
702,익산,2022-03-06,61,15,.4,3
702,익산,2022-03-07,62,15,2.1,4.7
702,익산,2022-03-08,69,15,4.3,6.5
702,익산,2022-03-09,71,16,5.3,7
702,익산,2022-03-11,68,,10.6,
702,익산,2022-03-12,75,10,13.8,11.7
702,익산,2022-03-13,95,12,13.6,13.4
702,익산,2022-03-14,96,16,9.5,11
702,익산,2022-03-15,80,16,6.8,9.2
702,익산,2022-03-16,74,16,8.7,10
702,익산,2022-03-17,83,16,10,8.7
702,익산,2022-03-18,83,16,7.9,8.2
702,익산,2022-03-19,90,19,4.9,6.5
702,익산,2022-03-20,81,17,4.5,5.4
702,익산,2022-03-21,67,16,5.4,6
702,익산,2022-03-22,58,16,6.6,6.6
702,익산,2022-03-23,82,16,4.4,5.1
702,익산,2022-03-24,73,15,7.5,8.3
702,익산,2022-03-25,75,16,13.4,11.4
702,익산,2022-03-26,94,20,10.4,12
702,익산,2022-03-27,79,18,7.2,7.7
702,익산,2022-03-28,71,18,6.1,8.6
702,익산,2022-03-29,72,18,8.9,11.2
702,익산,2022-03-30,82,19,11.2,11.1
702,익산,2022-03-31,89,18,9.4,10.8
702,익산,2022-04-01,72,17,8.1,9.8
702,익산,2022-04-02,73,17,5.8,7.5
702,익산,2022-04-03,69,17,7.2,8.6
702,익산,2022-04-04,69,17,7.9,8.7
702,익산,2022-04-05,63,17,8.1,8.6
702,익산,2022-04-06,72,16,9.8,11
702,익산,2022-04-07,71,17,9.5,10.6
702,익산,2022-04-08,57,16,11.5,11.1
702,익산,2022-04-09,61,16,15.7,14.1
702,익산,2022-04-10,62,16,15.9,14.6
702,익산,2022-04-11,72,16,19.4,18.1
702,익산,2022-04-12,83,16,18.5,18.9
702,익산,2022-04-13,96,15,14.7,15.9
702,익산,2022-04-14,79,21,12.6,14.3
702,익산,2022-04-15,72,19,11.8,13.1
702,익산,2022-04-16,73,19,10.8,12.2
702,익산,2022-04-17,70,19,11,12.5
702,익산,2022-04-18,64,18,12.8,13.9
702,익산,2022-04-19,65,18,12.9,13.6
702,익산,2022-04-20,67,18,12.6,13.6
702,익산,2022-04-21,69,18,13.3,13.4
702,익산,2022-04-22,81,17,15.4,15.2
702,익산,2022-04-23,76,17,17.4,18.6
702,익산,2022-04-24,84,17,17.5,18.6
702,익산,2022-04-25,76,17,20,20.1
702,익산,2022-04-26,93,22,17.3,18.4
702,익산,2022-04-27,69,19,14.5,16.9
702,익산,2022-04-28,70,19,15.1,16
702,익산,2022-04-29,76,21,13.8,15.7
702,익산,2022-04-30,82,19,12.6,13.6
702,익산,2022-05-01,68,19,12,14.1
702,익산,2022-05-02,64,19,12.8,14
702,익산,2022-05-03,71,18,12.1,14.8
702,익산,2022-05-04,63,18,15.2,16.4
702,익산,2022-05-05,68,18,16.9,18.7
702,익산,2022-05-06,72,18,19.2,19.7
702,익산,2022-05-07,74,18,16.5,18.1
702,익산,2022-05-08,68,17,16.3,18.4
702,익산,2022-05-09,71,17,16.7,19.6
702,익산,2022-05-10,59,17,17.8,19.3
702,익산,2022-05-11,65,16,18.7,20.4
702,익산,2022-05-12,68,16,19.5,21.2
702,익산,2022-05-13,77,16,16.4,17.2
702,익산,2022-05-14,59,15,14.4,15.5
702,익산,2022-05-15,55,15,14.3,17
702,익산,2022-05-16,54,14,15.2,17.3
702,익산,2022-05-17,61,13,18.5,19.6
702,익산,2022-05-18,53,13,20.5,20.5
702,익산,2022-05-19,47,12,19.4,19.6
702,익산,2022-05-20,65,11,19.4,21.8
702,익산,2022-05-21,77,11,19.1,22.8
702,익산,2022-05-22,81,10,19.4,24.1
702,익산,2022-05-23,76,9,20.6,24.2
702,익산,2022-05-24,70,8,20.9,24.9
702,익산,2022-05-25,72,8,20.5,25.1
702,익산,2022-05-26,70,8,18.4,23.1
702,익산,2022-05-27,74,7,19.5,23.1
702,익산,2022-05-28,63,7,21,22.5
702,익산,2022-05-29,67,6,21.7,26.9
702,익산,2022-05-30,87,6,19.9,22.8
702,익산,2022-05-31,68,6,19.8,24.7
702,익산,2022-06-01,60,5,21.6,26.9
702,익산,2022-06-02,79,5,20.4,26.9
702,익산,2022-06-03,76,4,22.9,29.5
702,익산,2022-06-04,61,4,25.4,30
702,익산,2022-06-05,82,4,19.9,20.7
702,익산,2022-06-06,85,11,19.8,22
702,익산,2022-06-07,93,10,18.3,19.7
702,익산,2022-06-08,82,9,20.6,23.4
702,익산,2022-06-09,81,8,21.9,26.9
702,익산,2022-06-10,76,7,22.6,26.1
702,익산,2022-06-11,74,6,23.5,28.4
702,익산,2022-06-12,81,6,22.6,27.1
702,익산,2022-06-13,69,5,23.4,28.7
702,익산,2022-06-14,82,4,18.7,21.3
702,익산,2022-06-15,90,7,20.3,22.3
702,익산,2022-06-16,76,12,21.7,24.1
702,익산,2022-06-17,85,11,22.8,24.1
702,익산,2022-06-18,86,10,23.8,26.1
702,익산,2022-06-19,83,9,24.6,28.3
702,익산,2022-06-20,84,9,25.3,30.1
702,익산,2022-06-21,86,7,25.3,31.3
702,익산,2022-06-22,80,6,25.6,32
702,익산,2022-06-23,,6,25,26.8
702,익산,2022-06-24,93,17,24.3,25.8
702,익산,2022-06-25,86,16,26.7,27.9
702,익산,2022-06-26,85,15,27.5,27.9
702,익산,2022-06-27,86,15,27.6,27.6
702,익산,2022-06-28,77,15,28.4,27.7
702,익산,2022-06-29,87,16,27.3,27
702,익산,2022-06-30,87,16,26.9,27
702,익산,2022-07-01,83,16,27.6,29.7
702,익산,2022-07-02,80,15,28,31.3
702,익산,2022-07-03,81,15,28.1,31.3
702,익산,2022-07-04,84,14,27.7,31.5
702,익산,2022-07-05,90,14,26.8,28.5
702,익산,2022-07-06,79,14,29.1,30.9
702,익산,2022-07-07,83,13,28.7,29.7
702,익산,2022-07-08,90,15,26.8,29.2
702,익산,2022-07-09,86,15,26.1,29.2
702,익산,2022-07-10,81,15,27.9,31
702,익산,2022-07-11,92,18,26.4,28.5
702,익산,2022-07-12,88,16,27.6,29
702,익산,2022-07-13,90,16,26,26.1
702,익산,2022-07-14,94,17,25.2,26.8
702,익산,2022-07-15,82,16,25.6,29
702,익산,2022-07-16,84,15,25.5,28.6
702,익산,2022-07-17,87,15,25.6,28.2
702,익산,2022-07-18,97,22,23.2,24.5
702,익산,2022-07-19,90,19,24.9,27.3
702,익산,2022-07-20,86,18,26.6,29.6
702,익산,2022-07-21,92,19,24.7,25.9
702,익산,2022-07-22,84,18,24.9,28.1
702,익산,2022-07-23,87,17,24.6,26.5
702,익산,2022-07-24,97,19,24.5,25.7
702,익산,2022-07-25,88,18,26.1,28.8
702,익산,2022-07-26,85,18,27.1,29.6
702,익산,2022-07-27,82,17,27.6,30.4
702,익산,2022-07-28,81,17,27.9,30.1
702,익산,2022-07-29,77,16,29.8,31
702,익산,2022-07-30,80,15,28.5,28.7
702,익산,2022-07-31,96,16,26.5,27.6
702,익산,2022-08-01,90,19,28.3,28.5
702,익산,2022-08-02,92,18,28.1,29.3
702,익산,2022-08-03,89,18,28.2,30.3
702,익산,2022-08-04,90,18,28.2,30.9
702,익산,2022-08-05,92,18,28.3,30.5
702,익산,2022-08-06,87,17,29.3,31.9
702,익산,2022-08-07,88,16,29.2,32.1
702,익산,2022-08-08,90,16,27.8,28.7
702,익산,2022-08-09,91,16,27.9,28.7
702,익산,2022-08-10,96,17,27,27.6
702,익산,2022-08-11,97,22,25,25.9
702,익산,2022-08-12,88,22,27,29.7
702,익산,2022-08-13,96,20,25.8,27.6
702,익산,2022-08-14,90,20,28.1,29.5
702,익산,2022-08-15,87,19,28,28.5
702,익산,2022-08-16,97,27,25.9,27.3
702,익산,2022-08-17,88,21,25.4,28.3
702,익산,2022-08-18,84,20,24.9,27.8
702,익산,2022-08-19,91,19,26.3,27.1
702,익산,2022-08-20,94,22,25.7,27.7
702,익산,2022-08-21,88,21,26.1,27.9
702,익산,2022-08-22,87,20,26.7,29
702,익산,2022-08-23,96,19,25.1,27.1
702,익산,2022-08-24,94,20,23.5,25.9
702,익산,2022-08-25,80,20,23.1,26.1
702,익산,2022-08-26,81,19,22.6,25.8
702,익산,2022-08-27,74,19,21.4,25
702,익산,2022-08-28,76,19,21.3,24
702,익산,2022-08-29,89,18,20.7,23.3
702,익산,2022-08-30,96,18,20.5,23
702,익산,2022-08-31,93,22,22,23.9
702,익산,2022-09-01,88,20,21.8,23.8
702,익산,2022-09-02,80,20,22.6,23.4
702,익산,2022-09-03,78,19,24.9,25.1
702,익산,2022-09-04,88,19,25.2,25.2
702,익산,2022-09-05,97,20,23,24.6
702,익산,2022-09-06,88,27,20.7,22.7
702,익산,2022-09-07,84,21,21.5,23.6
702,익산,2022-09-08,79,20,21.1,23
702,익산,2022-09-09,76,20,22.5,23.8
702,익산,2022-09-10,80,19,21.5,23.4
702,익산,2022-09-11,79,19,23.4,24.8
702,익산,2022-09-12,97,20,22.9,24.3
702,익산,2022-09-13,83,19,24.2,24.3
702,익산,2022-09-14,61,19,24.3,23.3
702,익산,2022-09-15,75,19,25.6,24.8
702,익산,2022-09-16,,18,,
702,익산,2022-09-17,85,18,26.9,27.1
702,익산,2022-09-18,78,17,27.7,26.7
702,익산,2022-09-19,70,17,25.2,25.6
702,익산,2022-09-20,64,15,20.3,22.7
702,익산,2022-09-21,76,14,18.5,21.5
702,익산,2022-09-22,72,13,18.1,21
702,익산,2022-09-23,82,13,16.7,20.5
702,익산,2022-09-24,75,12,17.2,19.4
702,익산,2022-09-25,84,12,17.9,20.6
702,익산,2022-09-26,86,12,18,20.7
702,익산,2022-09-27,81,12,18.5,21.2
702,익산,2022-09-28,85,12,18.7,20.9
702,익산,2022-09-29,86,12,17.7,21.3
702,익산,2022-09-30,82,12,18.6,21.1
702,익산,2022-10-01,80,12,19.8,21.6
702,익산,2022-10-02,75,12,22.5,23
702,익산,2022-10-03,,17,23.9,23.8
702,익산,2022-10-04,84,23,19.1,21.5
702,익산,2022-10-05,68,19,16,20
702,익산,2022-10-07,63,17,15.7,18.4
702,익산,2022-10-08,71,17,15.4,17.7
702,익산,2022-10-09,90,18,13.6,17.1
702,익산,2022-10-10,74,20,11.6,14.7
702,익산,2022-10-11,71,20,12.9,16
702,익산,2022-10-12,73,18,12.3,15
702,익산,2022-10-13,75,18,14.7,16.1
702,익산,2022-10-14,80,19,15.4,17.2
702,익산,2022-10-15,79,19,17,18.3
702,익산,2022-10-16,80,19,16.8,19
702,익산,2022-10-17,52,18,13.2,16.4
702,익산,2022-10-18,64,16,8.3,12.9
702,익산,2022-10-19,71,16,8.7,12.3
702,익산,2022-10-20,69,16,10.9,12.7
702,익산,2022-10-21,70,16,13,13.4
702,익산,2022-10-22,75,17,15.1,16.1
970,철원장흥,2022-03-01,78,8,2.9,
970,철원장흥,2022-03-02,63,7,1.3,
970,철원장흥,2022-03-03,62,7,2.7,
970,철원장흥,2022-03-04,71,7,3.7,
970,철원장흥,2022-03-05,40,7,1,
970,철원장흥,2022-03-06,37,6,.1,
970,철원장흥,2022-03-07,52,6,-.1,
970,철원장흥,2022-03-08,64,6,2.6,
970,철원장흥,2022-03-09,70,6,3.5,
970,철원장흥,2022-03-10,59,7,5,
970,철원장흥,2022-03-11,65,7,5.4,
970,철원장흥,2022-03-12,72,8,8.8,
970,철원장흥,2022-03-13,95,9,8,
970,철원장흥,2022-03-14,84,8,6.2,
970,철원장흥,2022-03-15,76,8,5.7,
970,철원장흥,2022-03-16,73,8,6.4,
970,철원장흥,2022-03-17,70,8,7.1,
970,철원장흥,2022-03-18,66,8,4.2,
970,철원장흥,2022-03-19,79,8,2,
970,철원장흥,2022-03-20,73,8,2.2,
970,철원장흥,2022-03-21,64,8,2.3,
970,철원장흥,2022-03-22,67,8,3.5,
970,철원장흥,2022-03-23,66,8,3.5,
970,철원장흥,2022-03-24,80,8,5.7,
970,철원장흥,2022-03-25,80,7,8,
970,철원장흥,2022-03-26,82,11,10,
970,철원장흥,2022-03-27,59,8,6.5,
970,철원장흥,2022-03-28,55,8,4.1,
970,철원장흥,2022-03-29,67,8,5.9,
970,철원장흥,2022-03-30,91,8,5.9,
970,철원장흥,2022-03-31,77,8,6.9,
970,철원장흥,2022-04-01,59,8,6.4,
970,철원장흥,2022-04-02,61,8,5.4,
970,철원장흥,2022-04-03,59,7,7.2,
970,철원장흥,2022-04-04,61,7,7.8,
970,철원장흥,2022-04-05,55,7,7.8,
970,철원장흥,2022-04-06,54,7,9.9,
970,철원장흥,2022-04-07,50,7,9.6,
970,철원장흥,2022-04-08,60,7,9.6,
970,철원장흥,2022-04-09,51,7,15.2,
970,철원장흥,2022-04-10,54,6,15.4,
970,철원장흥,2022-04-11,64,6,16.6,
970,철원장흥,2022-04-12,80,6,17.5,
970,철원장흥,2022-04-13,55,6,10.8,
970,철원장흥,2022-04-14,51,6,10.4,
970,철원장흥,2022-04-15,53,6,10.4,
970,철원장흥,2022-04-16,54,6,10.1,
970,철원장흥,2022-04-17,52,6,11.6,
970,철원장흥,2022-04-18,56,5,12.9,
970,철원장흥,2022-04-19,56,5,12.8,
970,철원장흥,2022-04-20,55,5,12.9,
970,철원장흥,2022-04-21,61,5,13.1,
970,철원장흥,2022-04-22,77,5,13.5,
970,철원장흥,2022-04-23,67,5,15,
970,철원장흥,2022-04-24,72,5,15.8,
970,철원장흥,2022-04-25,82,5,18,
970,철원장흥,2022-04-26,58,5,20.4,
970,철원장흥,2022-04-27,37,5,15.4,
970,철원장흥,2022-04-28,60,4,13.5,
970,철원장흥,2022-04-29,75,8,9.6,
970,철원장흥,2022-04-30,75,7,10.1,
970,철원장흥,2022-05-01,67,6,10.2,
970,철원장흥,2022-05-02,68,6,10.3,
970,철원장흥,2022-05-03,58,5,11.6,
970,철원장흥,2022-05-04,58,5,14.9,
970,철원장흥,2022-05-05,62,5,16,
970,철원장흥,2022-05-06,70,5,16.9,
970,철원장흥,2022-05-07,56,5,16.8,
970,철원장흥,2022-05-08,58,4,12.8,
970,철원장흥,2022-05-09,58,5,15,
970,철원장흥,2022-05-10,47,5,16.5,
970,철원장흥,2022-05-11,58,5,17.6,
970,철원장흥,2022-05-12,58,4,16.9,
970,철원장흥,2022-05-13,58,4,14.8,
970,철원장흥,2022-05-14,51,4,13.1,
970,철원장흥,2022-05-15,50,4,13.6,
970,철원장흥,2022-05-16,59,4,15.1,
970,철원장흥,2022-05-17,68,4,17.5,
970,철원장흥,2022-05-18,66,4,17.8,
970,철원장흥,2022-05-19,65,4,17.7,
970,철원장흥,2022-05-20,63,4,18,
970,철원장흥,2022-05-21,73,4,18.4,
970,철원장흥,2022-05-22,82,4,16.9,
970,철원장흥,2022-05-23,75,4,19.9,
970,철원장흥,2022-05-24,63,4,20.9,
970,철원장흥,2022-05-25,68,4,18.5,
970,철원장흥,2022-05-26,65,6,16.1,
970,철원장흥,2022-05-27,69,6,17.5,
970,철원장흥,2022-05-28,66,5,19,
970,철원장흥,2022-05-29,75,5,19.4,
970,철원장흥,2022-05-30,82,5,18.3,
970,철원장흥,2022-05-31,63,5,17.4,
970,철원장흥,2022-06-01,56,4,18.6,
970,철원장흥,2022-06-02,74,4,18.9,
970,철원장흥,2022-06-03,70,4,21.4,
970,철원장흥,2022-06-04,69,4,21,
970,철원장흥,2022-06-05,74,4,19.8,
970,철원장흥,2022-06-06,76,8,15.4,
970,철원장흥,2022-06-07,69,7,16,
970,철원장흥,2022-06-08,65,7,18.2,
970,철원장흥,2022-06-09,85,6,17,
970,철원장흥,2022-06-10,87,6,17.7,
970,철원장흥,2022-06-11,75,6,20.3,
970,철원장흥,2022-06-12,71,6,21.2,
970,철원장흥,2022-06-13,77,8,19.1,
970,철원장흥,2022-06-14,63,8,18.7,
970,철원장흥,2022-06-15,90,27,15.4,
970,철원장흥,2022-06-16,81,27,19,
970,철원장흥,2022-06-17,81,25,20.7,
970,철원장흥,2022-06-18,87,25,21.7,
970,철원장흥,2022-06-19,90,24,21.4,
970,철원장흥,2022-06-20,84,24,23.3,
970,철원장흥,2022-06-21,83,23,24.1,
970,철원장흥,2022-06-22,82,23,24.1,
970,철원장흥,2022-06-23,95,23,21.7,
970,철원장흥,2022-06-24,82,30,23,
970,철원장흥,2022-06-25,80,27,24.1,
970,철원장흥,2022-06-26,90,26,23.4,
970,철원장흥,2022-06-27,91,30,24.3,
970,철원장흥,2022-06-28,88,29,24.8,
970,철원장흥,2022-06-29,95,36,24.1,
970,철원장흥,2022-06-30,97,33,21.5,
970,철원장흥,2022-07-01,86,31,25.4,
970,철원장흥,2022-07-02,85,28,25.5,
970,철원장흥,2022-07-03,85,27,25.6,
970,철원장흥,2022-07-04,86,26,26,
970,철원장흥,2022-07-05,89,26,25.2,
970,철원장흥,2022-07-06,87,29,26.5,
970,철원장흥,2022-07-07,89,30,26.2,
970,철원장흥,2022-07-08,94,29,23.3,
970,철원장흥,2022-07-09,89,28,25.6,
970,철원장흥,2022-07-10,82,27,26.4,
970,철원장흥,2022-07-11,87,30,23.6,
970,철원장흥,2022-07-12,79,28,24.2,
970,철원장흥,2022-07-13,95,27,22.1,
970,철원장흥,2022-07-14,85,30,23.7,
970,철원장흥,2022-07-15,90,28,22.6,
970,철원장흥,2022-07-16,91,29,22.3,
970,철원장흥,2022-07-17,90,28,22.8,
970,철원장흥,2022-07-18,83,28,25,
970,철원장흥,2022-07-19,83,27,25.4,
970,철원장흥,2022-07-20,88,27,24.4,
970,철원장흥,2022-07-21,94,36,21,
970,철원장흥,2022-07-22,84,29,23.5,
970,철원장흥,2022-07-23,91,28,23,
970,철원장흥,2022-07-24,90,30,22.8,
970,철원장흥,2022-07-25,82,28,24.9,
970,철원장흥,2022-07-26,85,27,26,
970,철원장흥,2022-07-27,81,26,26.4,
970,철원장흥,2022-07-28,80,25,26.1,
970,철원장흥,2022-07-29,82,25,27.4,
970,철원장흥,2022-07-30,84,24,26.9,
970,철원장흥,2022-07-31,94,22,24.7,
970,철원장흥,2022-08-01,93,39,26,
970,철원장흥,2022-08-02,97,30,25.2,
970,철원장흥,2022-08-03,91,29,,
970,철원장흥,2022-08-04,85,29,26.8,
970,철원장흥,2022-08-05,90,28,26.2,
970,철원장흥,2022-08-06,95,27,25.9,
970,철원장흥,2022-08-07,94,28,26,
970,철원장흥,2022-08-08,96,38,25.1,
970,철원장흥,2022-08-09,98,29,23.6,
970,철원장흥,2022-08-10,85,29,23.8,
970,철원장흥,2022-08-11,87,28,24.2,
970,철원장흥,2022-08-12,83,27,24.1,
970,철원장흥,2022-08-13,96,26,22.4,
970,철원장흥,2022-08-14,90,26,25.3,
970,철원장흥,2022-08-15,88,29,26.2,
970,철원장흥,2022-08-16,84,29,24.6,
970,철원장흥,2022-08-17,88,27,22.3,
970,철원장흥,2022-08-18,85,27,23.1,
970,철원장흥,2022-08-19,92,26,23.7,
970,철원장흥,2022-08-20,85,29,26.3,
970,철원장흥,2022-08-21,82,28,23.8,
970,철원장흥,2022-08-22,87,27,23.2,
970,철원장흥,2022-08-23,82,26,22.9,
970,철원장흥,2022-08-24,75,25,21.8,
970,철원장흥,2022-08-25,91,25,20,
970,철원장흥,2022-08-26,81,25,21.8,
970,철원장흥,2022-08-27,75,27,18,
970,철원장흥,2022-08-28,81,25,18.2,
970,철원장흥,2022-08-29,88,25,18.5,
970,철원장흥,2022-08-30,96,25,17.6,
970,철원장흥,2022-08-31,88,29,19.5,
970,철원장흥,2022-09-01,84,28,20.1,
970,철원장흥,2022-09-02,72,27,21.2,
970,철원장흥,2022-09-03,72,25,21.1,
970,철원장흥,2022-09-04,87,25,20.5,
970,철원장흥,2022-09-05,96,39,17.8,
970,철원장흥,2022-09-06,77,35,19.4,
970,철원장흥,2022-09-07,80,29,18.7,
970,철원장흥,2022-09-08,82,28,19.4,
970,철원장흥,2022-09-09,73,27,19.6,
970,철원장흥,2022-09-10,69,26,20.4,
970,철원장흥,2022-09-11,83,26,20.5,
970,철원장흥,2022-09-12,86,25,21,
970,철원장흥,2022-09-13,82,25,21.7,
970,철원장흥,2022-09-14,64,25,22.1,
970,철원장흥,2022-09-15,73,24,22.4,
970,철원장흥,2022-09-16,85,24,23.5,
970,철원장흥,2022-09-17,92,30,23.1,
970,철원장흥,2022-09-18,83,29,23.7,
970,철원장흥,2022-09-19,76,29,20.1,
970,철원장흥,2022-09-20,72,26,15.9,
970,철원장흥,2022-09-21,76,25,14.7,
970,철원장흥,2022-09-22,79,24,15.6,
970,철원장흥,2022-09-23,78,24,14.4,
970,철원장흥,2022-09-24,78,23,13.5,
970,철원장흥,2022-09-25,80,24,14.1,
970,철원장흥,2022-09-26,81,23,14.5,
970,철원장흥,2022-09-27,77,23,16.3,
970,철원장흥,2022-09-28,84,24,16,
970,철원장흥,2022-09-29,85,24,16,
970,철원장흥,2022-09-30,82,23,15.7,
970,철원장흥,2022-10-01,83,23,16.5,
970,철원장흥,2022-10-02,89,24,16.7,
970,철원장흥,2022-10-03,98,31,18.2,
970,철원장흥,2022-10-04,95,36,16.2,
970,철원장흥,2022-10-05,80,30,13.3,
970,철원장흥,2022-10-07,79,28,12.1,
970,철원장흥,2022-10-08,80,27,11.9,
970,철원장흥,2022-10-09,92,27,10.7,
970,철원장흥,2022-10-10,77,30,7,
970,철원장흥,2022-10-11,79,29,8.4,
970,철원장흥,2022-10-12,85,28,9.9,
970,철원장흥,2022-10-13,85,28,11.9,
970,철원장흥,2022-10-14,84,28,13.3,
970,철원장흥,2022-10-15,79,28,14.3,
970,철원장흥,2022-10-16,91,28,12.3,
970,철원장흥,2022-10-17,58,27,8.9,
970,철원장흥,2022-10-18,75,26,5.1,
970,철원장흥,2022-10-19,73,25,5.6,
970,철원장흥,2022-10-20,77,25,8.3,
970,철원장흥,2022-10-21,76,26,9.4,
970,철원장흥,2022-10-22,82,25,12.1,
972,안동옥동,2022-03-01,60,,5.5,4.1
972,안동옥동,2022-03-02,48,,4.5,2.1
972,안동옥동,2022-03-03,52,,4.6,2.1
972,안동옥동,2022-03-04,52,,7.3,4.3
972,안동옥동,2022-03-05,37,16,5.7,3.7
972,안동옥동,2022-03-06,34,15,2.8,1
972,안동옥동,2022-03-07,42,14,2.8,2.6
972,안동옥동,2022-03-08,48,14,4.4,3
972,안동옥동,2022-03-09,59,14,6.1,4.4
972,안동옥동,2022-03-10,60,14,6.8,6.4
972,안동옥동,2022-03-11,60,14,9.4,7.5
972,안동옥동,2022-03-12,70,14,11.6,9.9
972,안동옥동,2022-03-13,95,14,11.6,9.4
972,안동옥동,2022-03-14,83,29,9.6,8.7
972,안동옥동,2022-03-15,73,29,8.2,8.2
972,안동옥동,2022-03-16,74,28,8.9,9.5
972,안동옥동,2022-03-17,84,28,7.6,7.4
972,안동옥동,2022-03-18,82,31,5.2,6.1
972,안동옥동,2022-03-19,94,31,3.2,5.8
972,안동옥동,2022-03-20,76,29,5.6,6.8
972,안동옥동,2022-03-21,65,28,6.2,7.3
972,안동옥동,2022-03-22,68,27,6.3,7.8
972,안동옥동,2022-03-23,77,27,3.3,4.7
972,안동옥동,2022-03-24,76,26,5.5,6.6
972,안동옥동,2022-03-25,74,27,11.3,10.1
972,안동옥동,2022-03-26,90,34,11.4,10.6
972,안동옥동,2022-03-27,51,31,11,9.7
972,안동옥동,2022-03-28,50,29,7,8.1
972,안동옥동,2022-03-29,63,31,7.9,9.1
972,안동옥동,2022-03-30,71,33,10.3,9.8
972,안동옥동,2022-03-31,78,35,8.4,9
972,안동옥동,2022-04-01,74,35,6.5,8.7
972,안동옥동,2022-04-02,58,35,7.2,9.1
972,안동옥동,2022-04-03,58,36,8.4,9.9
972,안동옥동,2022-04-04,59,39,10.2,11.6
972,안동옥동,2022-04-05,50,40,10.1,11
972,안동옥동,2022-04-06,41,42,12.7,13.2
972,안동옥동,2022-04-07,49,42,11.7,12.9
972,안동옥동,2022-04-08,48,44,12.4,13.9
972,안동옥동,2022-04-09,50,47,16.7,16.6
972,안동옥동,2022-04-10,48,48,18.4,18.9
972,안동옥동,2022-04-11,56,38,20,21.2
972,안동옥동,2022-04-12,57,35,21.5,21.5
972,안동옥동,2022-04-13,80,34,11.2,12.6
972,안동옥동,2022-04-14,74,49,9.5,10.9
972,안동옥동,2022-04-15,60,45,11.5,14.8
972,안동옥동,2022-04-16,53,47,11.9,14.3
972,안동옥동,2022-04-17,43,47,12.4,15.2
972,안동옥동,2022-04-18,50,49,13.4,15.4
972,안동옥동,2022-04-19,51,47,13.6,16.6
972,안동옥동,2022-04-20,48,50,14.4,17.5
972,안동옥동,2022-04-21,62,55,11.7,12.5
972,안동옥동,2022-04-22,64,54,17.3,17.5
972,안동옥동,2022-04-23,59,54,17.8,20.9
972,안동옥동,2022-04-24,58,54,18.3,21.6
972,안동옥동,2022-04-25,62,78,19.6,21.4
972,안동옥동,2022-04-26,91,0,17,18.2
972,안동옥동,2022-04-27,63,54,15.5,18
972,안동옥동,2022-04-28,65,50,14.7,17.3
972,안동옥동,2022-04-29,73,47,11,13.6
972,안동옥동,2022-04-30,67,47,12.8,15.7
972,안동옥동,2022-05-01,47,46,13.3,15.9
972,안동옥동,2022-05-02,64,44,11.3,15.4
972,안동옥동,2022-05-03,64,43,13.1,16.7
972,안동옥동,2022-05-04,53,42,16.8,19.2
972,안동옥동,2022-05-05,56,40,17.9,21
972,안동옥동,2022-05-06,63,41,18.4,22.4
972,안동옥동,2022-05-07,63,51,17.4,21.7
972,안동옥동,2022-05-08,59,49,15.3,20.8
972,안동옥동,2022-05-09,57,49,15.3,21.6
972,안동옥동,2022-05-10,50,50,15.2,21
972,안동옥동,2022-05-11,53,50,18.3,23.2
972,안동옥동,2022-05-12,61,50,19.5,24
972,안동옥동,2022-05-13,83,50,15.2,17.4
972,안동옥동,2022-05-14,50,49,16.2,19.2
972,안동옥동,2022-05-15,42,49,15.3,21.1
972,안동옥동,2022-05-16,49,48,15.4,21
972,안동옥동,2022-05-17,51,49,17.7,23.5
972,안동옥동,2022-05-18,51,48,19.7,24.3
972,안동옥동,2022-05-19,46,45,18.9,21.5
972,안동옥동,2022-05-20,50,42,19.4,24.9
972,안동옥동,2022-05-21,61,30,20.5,26.4
972,안동옥동,2022-05-22,57,23,21.7,27.5
972,안동옥동,2022-05-23,58,21,22,28.1
972,안동옥동,2022-05-24,56,20,23.1,29.5
972,안동옥동,2022-05-25,56,18,23,28.5
972,안동옥동,2022-05-26,46,17,20.4,28.1
972,안동옥동,2022-05-27,48,16,20.4,25.5
972,안동옥동,2022-05-28,55,16,20.6,26.1
972,안동옥동,2022-05-29,48,15,22.1,28
972,안동옥동,2022-05-30,58,15,21.6,27.1
972,안동옥동,2022-05-31,45,15,22.7,29.5
972,안동옥동,2022-06-01,44,14,22.3,29.5
972,안동옥동,2022-06-02,51,14,21.6,29.6
972,안동옥동,2022-06-03,59,14,21.4,30.4
972,안동옥동,2022-06-04,65,14,21.1,29
972,안동옥동,2022-06-05,88,13,17.4,19.6
972,안동옥동,2022-06-06,81,22,17.3,20.8
972,안동옥동,2022-06-07,80,21,15.4,19
972,안동옥동,2022-06-08,73,20,17.3,21.2
972,안동옥동,2022-06-09,73,18,18.9,24
972,안동옥동,2022-06-10,70,18,21.1,26.4
972,안동옥동,2022-06-11,67,17,21.6,27.7
972,안동옥동,2022-06-12,69,17,20.2,26.4
972,안동옥동,2022-06-13,68,16,19.4,25.3
972,안동옥동,2022-06-14,84,16,16.8,19.8
972,안동옥동,2022-06-15,88,18,18.1,21.7
972,안동옥동,2022-06-16,75,19,20.4,24.1
972,안동옥동,2022-06-17,70,18,22.8,27.7
972,안동옥동,2022-06-18,68,18,25.7,31.7
972,안동옥동,2022-06-19,67,17,26.1,32.6
972,안동옥동,2022-06-20,66,17,26.1,33.7
972,안동옥동,2022-06-21,68,16,26.8,35.4
972,안동옥동,2022-06-22,63,16,28,36
972,안동옥동,2022-06-23,77,15,25.7,30.7
972,안동옥동,2022-06-24,71,22,26.4,27.7
972,안동옥동,2022-06-25,71,20,26.3,28.4
972,안동옥동,2022-06-26,78,19,26.3,27.8
972,안동옥동,2022-06-27,81,18,26.3,27.8
972,안동옥동,2022-06-28,68,18,28.4,31.6
972,안동옥동,2022-06-29,73,17,27.6,30.4
972,안동옥동,2022-06-30,85,17,26.4,27.9
972,안동옥동,2022-07-01,76,17,27.3,32.4
972,안동옥동,2022-07-02,69,16,28.2,34.9
972,안동옥동,2022-07-03,66,16,28.9,36.1
972,안동옥동,2022-07-04,75,15,27.7,35
972,안동옥동,2022-07-05,74,15,27.7,32.9
972,안동옥동,2022-07-06,83,15,26.7,29.6
972,안동옥동,2022-07-07,72,15,28.6,31.8
972,안동옥동,2022-07-08,72,15,28.3,31.9
972,안동옥동,2022-07-09,73,15,27.8,33.4
972,안동옥동,2022-07-10,74,15,27.5,34.8
972,안동옥동,2022-07-11,94,14,24.3,27.3
972,안동옥동,2022-07-12,77,18,24.2,28.2
972,안동옥동,2022-07-13,85,18,23.5,25.5
972,안동옥동,2022-07-14,84,25,25.5,27.4
972,안동옥동,2022-07-15,75,24,25.5,28.9
972,안동옥동,2022-07-16,77,23,24.5,29.4
972,안동옥동,2022-07-17,78,22,24.6,30
972,안동옥동,2022-07-18,93,20,22.4,25.7
972,안동옥동,2022-07-19,79,27,25.5,28.4
972,안동옥동,2022-07-20,74,25,26.5,29.9
972,안동옥동,2022-07-21,88,28,23.4,26.1
972,안동옥동,2022-07-22,81,26,23.8,27.3
972,안동옥동,2022-07-23,84,25,24,28.2
972,안동옥동,2022-07-24,88,27,24.9,27.6
972,안동옥동,2022-07-25,79,28,27,30.4
972,안동옥동,2022-07-26,77,26,26,30.7
972,안동옥동,2022-07-27,77,24,24.8,28.1
972,안동옥동,2022-07-28,86,23,25,29.4
972,안동옥동,2022-07-29,78,23,27.5,31.1
972,안동옥동,2022-07-30,79,22,26.7,29.3
972,안동옥동,2022-07-31,91,21,25.9,27.5
972,안동옥동,2022-08-01,91,26,26.4,28.2
972,안동옥동,2022-08-02,90,25,27,28.9
972,안동옥동,2022-08-03,85,27,27.2,29
972,안동옥동,2022-08-04,78,26,27.8,31
972,안동옥동,2022-08-05,80,24,27.9,31.7
972,안동옥동,2022-08-06,78,22,28.7,33.4
972,안동옥동,2022-08-07,80,20,28.4,34.1
972,안동옥동,2022-08-08,79,19,27.7,29.7
972,안동옥동,2022-08-09,89,18,26.4,28.5
972,안동옥동,2022-08-10,94,26,25.4,27
972,안동옥동,2022-08-11,96,29,24.3,26.2
972,안동옥동,2022-08-12,83,29,26.6,29.7
972,안동옥동,2022-08-13,93,27,24.6,26.9
972,안동옥동,2022-08-14,94,29,26.1,28.1
972,안동옥동,2022-08-15,79,28,28.1,29.1
972,안동옥동,2022-08-16,88,30,25.1,27.3
972,안동옥동,2022-08-17,86,29,25,28.1
972,안동옥동,2022-08-18,87,30,23.4,27.7
972,안동옥동,2022-08-19,89,29,24.6,27.3
972,안동옥동,2022-08-20,86,30,26.3,28.8
972,안동옥동,2022-08-21,74,30,25,28.5
972,안동옥동,2022-08-22,81,28,24,27.1
972,안동옥동,2022-08-23,94,28,23.5,26.5
972,안동옥동,2022-08-24,85,31,21.9,25.2
972,안동옥동,2022-08-25,86,31,22.5,25.9
972,안동옥동,2022-08-26,78,30,22.5,26.3
972,안동옥동,2022-08-27,74,28,21.2,25.3
972,안동옥동,2022-08-28,75,26,20,24.8
972,안동옥동,2022-08-29,92,24,18.5,22
972,안동옥동,2022-08-30,98,26,19.3,21.5
972,안동옥동,2022-08-31,96,35,20.9,23
972,안동옥동,2022-09-01,93,33,20.5,23
972,안동옥동,2022-09-02,83,33,21.9,23.4
972,안동옥동,2022-09-03,81,32,22.6,23.3
972,안동옥동,2022-09-04,89,31,24,24.6
972,안동옥동,2022-09-05,95,30,24.5,25
972,안동옥동,2022-09-06,82,35,21.3,23
972,안동옥동,2022-09-07,78,33,20.7,22.2
972,안동옥동,2022-09-08,78,31,21,23
972,안동옥동,2022-09-09,80,30,20.7,22.9
972,안동옥동,2022-09-10,80,28,20.5,22.8
972,안동옥동,2022-09-11,80,27,22.1,24.1
972,안동옥동,2022-09-12,86,26,21.1,23.3
972,안동옥동,2022-09-13,77,26,22.7,24.5
972,안동옥동,2022-09-14,70,25,22.4,24.3
972,안동옥동,2022-09-15,77,24,21.8,24.3
972,안동옥동,2022-09-16,84,23,23,24.6
972,안동옥동,2022-09-17,85,23,24.9,27.4
972,안동옥동,2022-09-18,82,24,25.7,27
972,안동옥동,2022-09-19,69,24,23,25
972,안동옥동,2022-09-20,76,22,16.6,21.4
972,안동옥동,2022-09-21,75,21,15.8,20.6
972,안동옥동,2022-09-22,79,20,17.5,20.8
972,안동옥동,2022-09-23,76,20,17.3,21.9
972,안동옥동,2022-09-24,67,20,16.7,20.4
972,안동옥동,2022-09-25,81,20,16.5,21.1
972,안동옥동,2022-09-26,88,20,17,20.6
972,안동옥동,2022-09-27,79,20,18.9,22.4
972,안동옥동,2022-09-28,87,21,16.5,20.2
972,안동옥동,2022-09-29,85,21,16.9,21.4
972,안동옥동,2022-09-30,82,21,16.9,20.9
972,안동옥동,2022-10-01,,21,,
972,안동옥동,2022-10-02,85,21,17.7,21.7
972,안동옥동,2022-10-03,94,22,21.3,22.1
972,안동옥동,2022-10-04,94,31,18.8,20.1
972,안동옥동,2022-10-05,80,35,15.4,18
972,안동옥동,2022-10-07,81,34,14.8,16.9
972,안동옥동,2022-10-08,82,32,12.7,15.6
972,안동옥동,2022-10-09,90,32,13,15
972,안동옥동,2022-10-10,66,31,11.6,13.9
972,안동옥동,2022-10-11,70,30,11.1,13.8
972,안동옥동,2022-10-12,83,29,11.4,14.1
972,안동옥동,2022-10-13,82,29,13.4,16.3
972,안동옥동,2022-10-14,87,29,14.1,17
972,안동옥동,2022-10-15,77,29,17.6,19.5
972,안동옥동,2022-10-16,81,29,17.4,19.7
972,안동옥동,2022-10-17,57,29,13.8,16.7
972,안동옥동,2022-10-18,69,26,7.4,11.4
972,안동옥동,2022-10-19,72,25,6.8,10.8
972,안동옥동,2022-10-20,77,25,8.4,11.5
972,안동옥동,2022-10-21,74,25,11.1,12.6
972,안동옥동,2022-10-22,70,25,12.3,14.9
973,화순능주,2022-03-01,82,21,7,7.4
973,화순능주,2022-03-02,69,21,2.4,4.5
973,화순능주,2022-03-03,74,20,4.2,5.3
973,화순능주,2022-03-04,73,20,8.3,7.6
973,화순능주,2022-03-05,53,19,5.8,7.5
973,화순능주,2022-03-06,49,18,2.6,5.7
973,화순능주,2022-03-07,58,17,2.8,6.4
973,화순능주,2022-03-08,67,17,4.4,7
973,화순능주,2022-03-09,64,17,6.8,8.7
973,화순능주,2022-03-10,57,16,8.5,10
973,화순능주,2022-03-11,74,16,13.2,10.4
973,화순능주,2022-03-12,74,16,15.6,14.5
973,화순능주,2022-03-13,96,17,14.4,12.2
973,화순능주,2022-03-14,94,31,11.7,11.4
973,화순능주,2022-03-15,77,32,9.3,11.3
973,화순능주,2022-03-16,69,30,10.9,11.5
973,화순능주,2022-03-17,83,31,10.5,10.3
973,화순능주,2022-03-18,91,36,9.2,9.7
973,화순능주,2022-03-19,90,37,4.9,6.7
973,화순능주,2022-03-20,82,35,4.2,6.5
973,화순능주,2022-03-21,71,33,6.8,7
973,화순능주,2022-03-22,64,32,7,9.4
973,화순능주,2022-03-23,79,31,,8.3
973,화순능주,2022-03-24,73,31,7.4,9.3
973,화순능주,2022-03-25,80,30,13.7,10.7
973,화순능주,2022-03-26,93,36,10.5,10.9
973,화순능주,2022-03-27,64,35,8.9,10.1
973,화순능주,2022-03-28,58,33,8.2,10.3
973,화순능주,2022-03-29,67,32,9.5,11.7
973,화순능주,2022-03-30,80,30,13.3,13.8
973,화순능주,2022-03-31,82,29,10.6,12.6
973,화순능주,2022-04-01,78,28,7.8,10.8
973,화순능주,2022-04-02,70,27,6.5,11.5
973,화순능주,2022-04-03,65,25,7.3,11.3
973,화순능주,2022-04-04,62,23,8.9,12.4
973,화순능주,2022-04-05,61,21,8.2,10.7
973,화순능주,2022-04-06,69,20,10.6,13.8
973,화순능주,2022-04-07,68,18,10.4,14.7
973,화순능주,2022-04-08,59,17,11.9,15.1
973,화순능주,2022-04-09,59,16,14.5,16.8
973,화순능주,2022-04-10,67,14,15.6,17.5
973,화순능주,2022-04-11,77,13,19.5,21
973,화순능주,2022-04-12,73,13,21,23.3
973,화순능주,2022-04-13,81,12,17.9,19.4
973,화순능주,2022-04-14,68,12,16,18.7
973,화순능주,2022-04-15,54,12,15.4,20
973,화순능주,2022-04-16,60,12,11.2,17.6
973,화순능주,2022-04-17,50,11,11.8,17.2
973,화순능주,2022-04-18,51,11,14.2,17.3
973,화순능주,2022-04-19,48,10,13.7,18.9
973,화순능주,2022-04-20,55,10,13.3,18.7
973,화순능주,2022-04-21,74,10,11.7,16.2
973,화순능주,2022-04-22,75,10,16.1,19.3
973,화순능주,2022-04-23,75,10,18.9,21.4
973,화순능주,2022-04-24,75,10,19.5,24
973,화순능주,2022-04-25,77,9,19.4,21.4
973,화순능주,2022-04-26,97,35,17.7,18.5
973,화순능주,2022-04-27,60,31,16.7,19
973,화순능주,2022-04-28,72,28,15.6,18.1
973,화순능주,2022-04-29,83,34,14,18
973,화순능주,2022-04-30,73,31,13.4,16.7
973,화순능주,2022-05-01,63,30,12,16.9
973,화순능주,2022-05-02,,27,,
973,화순능주,2022-05-03,,24,,
973,화순능주,2022-05-04,70,20,14.3,18.1
973,화순능주,2022-05-05,71,17,16.7,20.4
973,화순능주,2022-05-06,71,15,18.8,21.2
973,화순능주,2022-05-07,71,13,16.4,21.6
973,화순능주,2022-05-08,67,12,16.3,21.3
973,화순능주,2022-05-09,72,11,16.4,20.1
973,화순능주,2022-05-10,68,11,16.4,21.5
973,화순능주,2022-05-11,67,10,19.7,22.2
973,화순능주,2022-05-12,73,10,19.7,22.2
973,화순능주,2022-05-13,73,10,17.2,18.9
973,화순능주,2022-05-14,49,10,15.6,20.4
973,화순능주,2022-05-15,47,9,14.9,22.3
973,화순능주,2022-05-16,55,9,14.9,21.8
973,화순능주,2022-05-17,65,8,17.1,21.6
973,화순능주,2022-05-18,59,8,18.3,23.5
973,화순능주,2022-05-19,56,8,17.6,21.3
973,화순능주,2022-05-20,70,8,18.9,22.9
973,화순능주,2022-05-21,76,9,19.1,23.9
973,화순능주,2022-05-22,71,9,20.8,26.5
973,화순능주,2022-05-23,66,8,20.9,26.6
973,화순능주,2022-05-24,65,8,20.7,27.2
973,화순능주,2022-05-25,68,8,21,27.1
973,화순능주,2022-05-26,63,8,19.6,27.5
973,화순능주,2022-05-27,73,7,18.9,26.7
973,화순능주,2022-05-28,61,7,19.8,25.5
973,화순능주,2022-05-29,67,7,19.8,26.9
973,화순능주,2022-05-30,82,7,20.1,23.5
973,화순능주,2022-05-31,64,7,20.2,27.2
973,화순능주,2022-06-01,59,7,21.2,28.8
973,화순능주,2022-06-02,71,7,22,29.7
973,화순능주,2022-06-03,70,7,23.2,30.7
973,화순능주,2022-06-04,57,7,23.2,28.3
973,화순능주,2022-06-05,80,7,19.3,21.4
973,화순능주,2022-06-06,83,24,20.1,23
973,화순능주,2022-06-07,83,21,18.8,21.6
973,화순능주,2022-06-08,80,26,19.1,22.5
973,화순능주,2022-06-09,77,24,20.4,23.6
973,화순능주,2022-06-10,77,22,20.7,23.2
973,화순능주,2022-06-11,81,20,21.7,25.1
973,화순능주,2022-06-12,79,19,21.9,24.5
973,화순능주,2022-06-13,70,18,21.1,22.4
973,화순능주,2022-06-14,81,17,19.7,21.8
973,화순능주,2022-06-15,81,17,21.1,24
973,화순능주,2022-06-16,75,16,22.3,26.4
973,화순능주,2022-06-17,81,15,23.1,25.6
973,화순능주,2022-06-18,81,16,24.2,29
973,화순능주,2022-06-19,78,15,25.9,30.8
973,화순능주,2022-06-20,78,14,26.3,30.9
973,화순능주,2022-06-21,80,13,25.8,32.3
973,화순능주,2022-06-22,75,12,26.7,33.8
973,화순능주,2022-06-23,85,12,25.7,27.7
973,화순능주,2022-06-24,89,32,24.7,27.4
973,화순능주,2022-06-25,84,29,25.9,27.5
973,화순능주,2022-06-26,81,28,27.1,28.1
973,화순능주,2022-06-27,84,28,27,28.2
973,화순능주,2022-06-28,82,27,27,27.5
973,화순능주,2022-06-29,89,26,26.3,27.8
973,화순능주,2022-06-30,86,28,26.6,28.8
973,화순능주,2022-07-01,80,27,26.6,29.7
973,화순능주,2022-07-02,76,25,27.5,29.5
973,화순능주,2022-07-03,78,23,27.7,30.8
973,화순능주,2022-07-04,84,22,27.1,29.3
973,화순능주,2022-07-05,88,21,27,29.6
973,화순능주,2022-07-06,80,20,28.8,32.2
973,화순능주,2022-07-07,83,18,28.3,29.7
973,화순능주,2022-07-08,88,18,27.1,29.1
973,화순능주,2022-07-09,80,18,26.7,29.7
973,화순능주,2022-07-10,81,17,27.4,30
973,화순능주,2022-07-11,87,30,27,30
973,화순능주,2022-07-12,84,27,26.8,30.1
973,화순능주,2022-07-13,84,25,25.4,27.2
973,화순능주,2022-07-14,83,32,27,29.9
973,화순능주,2022-07-15,79,28,26.5,29.3
973,화순능주,2022-07-16,80,26,25.4,30.4
973,화순능주,2022-07-17,91,24,25.1,27.8
973,화순능주,2022-07-18,98,36,23.7,24.7
973,화순능주,2022-07-19,82,31,25.9,28.7
973,화순능주,2022-07-20,83,29,26.1,29.3
973,화순능주,2022-07-21,88,31,24,24.9
973,화순능주,2022-07-22,86,29,24.3,26.7
973,화순능주,2022-07-23,87,28,24.7,26.4
973,화순능주,2022-07-24,97,34,23.7,25.3
973,화순능주,2022-07-25,86,31,26.1,28.9
973,화순능주,2022-07-26,85,29,26.3,29.9
973,화순능주,2022-07-27,81,27,26,29.7
973,화순능주,2022-07-28,80,24,27.4,32
973,화순능주,2022-07-29,75,22,29.1,33.2
973,화순능주,2022-07-30,80,19,27.7,28.5
973,화순능주,2022-07-31,89,19,26.5,27.7
973,화순능주,2022-08-01,89,35,27.2,27.9
973,화순능주,2022-08-02,90,33,27.5,29.1
973,화순능주,2022-08-03,96,32,26.5,29
973,화순능주,2022-08-04,89,33,27.9,29.6
973,화순능주,2022-08-05,87,31,28.3,30.2
973,화순능주,2022-08-06,88,31,29,31.8
973,화순능주,2022-08-07,86,29,28.7,30.7
973,화순능주,2022-08-08,86,26,27.6,30.4
973,화순능주,2022-08-09,89,24,27.1,29.7
973,화순능주,2022-08-10,89,22,27.1,29.1
973,화순능주,2022-08-11,98,21,25.9,27.1
973,화순능주,2022-08-12,90,31,27.1,29.2
973,화순능주,2022-08-13,90,27,27.2,29.4
973,화순능주,2022-08-14,87,24,28.1,32.2
973,화순능주,2022-08-15,84,20,28.2,32.2
973,화순능주,2022-08-16,94,31,26.4,28.2
973,화순능주,2022-08-17,90,32,25.7,28.7
973,화순능주,2022-08-18,87,30,24.7,29.7
973,화순능주,2022-08-19,89,27,26.2,28.4
973,화순능주,2022-08-20,96,25,26.1,27.5
973,화순능주,2022-08-21,87,31,26.7,30
973,화순능주,2022-08-22,84,28,26.7,30.9
973,화순능주,2022-08-23,93,25,25.7,27.8
973,화순능주,2022-08-24,89,33,24.8,29.5
973,화순능주,2022-08-25,83,31,24,27.9
973,화순능주,2022-08-26,78,28,23.2,27.9
973,화순능주,2022-08-27,81,25,20.9,24.9
973,화순능주,2022-08-28,80,23,20.5,24.2
973,화순능주,2022-08-29,85,21,21.8,23.6
973,화순능주,2022-08-30,91,20,24.2,25.6
973,화순능주,2022-08-31,88,29,23,25.9
973,화순능주,2022-09-01,93,26,21.8,23.7
973,화순능주,2022-09-02,84,24,22.7,23.9
973,화순능주,2022-09-03,80,23,24.8,25.6
973,화순능주,2022-09-04,85,22,25.9,27.3
973,화순능주,2022-09-05,93,30,24.3,24.9
973,화순능주,2022-09-06,84,37,21.1,23
973,화순능주,2022-09-07,84,33,20.6,24.1
973,화순능주,2022-09-08,84,31,20.6,23.8
973,화순능주,2022-09-09,83,28,22,25.3
973,화순능주,2022-09-10,85,25,21.4,24.1
973,화순능주,2022-09-11,86,24,22.6,25
973,화순능주,2022-09-12,96,22,22.4,24.7
973,화순능주,2022-09-13,94,26,23.7,25.3
973,화순능주,2022-09-14,75,26,25,26.8
973,화순능주,2022-09-15,74,23,26,26.8
973,화순능주,2022-09-16,86,21,25.6,26.7
973,화순능주,2022-09-17,81,20,27,28.7
973,화순능주,2022-09-18,77,18,27.9,29.9
973,화순능주,2022-09-19,74,16,24.3,28.6
973,화순능주,2022-09-20,79,14,19.4,23.9
973,화순능주,2022-09-21,78,14,18,23.6
973,화순능주,2022-09-22,78,13,18.4,22.8
973,화순능주,2022-09-23,78,12,18.3,24.8
973,화순능주,2022-09-24,71,12,17.5,21.8
973,화순능주,2022-09-25,82,12,18,21.8
973,화순능주,2022-09-26,87,12,18.3,20.8
973,화순능주,2022-09-27,79,12,19.7,25.5
973,화순능주,2022-09-28,86,12,19.4,22.9
973,화순능주,2022-09-29,79,12,18.9,23.9
973,화순능주,2022-09-30,77,11,19.3,24.4
973,화순능주,2022-10-01,80,11,20,25.3
973,화순능주,2022-10-02,76,11,21.5,24.7
973,화순능주,2022-10-03,83,11,25.1,27.7
973,화순능주,2022-10-04,84,33,19.4,21.2
973,화순능주,2022-10-05,72,29,16.5,20.8
973,화순능주,2022-10-07,72,23,15.5,17.8
973,화순능주,2022-10-08,77,21,15.4,17.1
973,화순능주,2022-10-09,87,20,14.9,16.8
973,화순능주,2022-10-10,79,24,12.3,14.7
973,화순능주,2022-10-11,73,25,13.1,15.6
973,화순능주,2022-10-12,82,23,12,16.1
973,화순능주,2022-10-13,82,21,13.7,17.1
973,화순능주,2022-10-14,83,19,15.1,18.6
973,화순능주,2022-10-15,83,18,16.2,19.2
973,화순능주,2022-10-16,83,17,16.1,18.9
973,화순능주,2022-10-17,61,16,12.7,15.4
973,화순능주,2022-10-18,61,15,9.2,12.8
973,화순능주,2022-10-19,76,14,8,11.9
973,화순능주,2022-10-20,75,14,9.8,13.7
973,화순능주,2022-10-21,82,13,13.5,15.4
973,화순능주,2022-10-22,80,13,15.8,18.2
974,대곡,2022-03-01,62,,8.1,8.9
974,대곡,2022-03-02,40,,5.4,8.7
974,대곡,2022-03-03,60,,4.1,8.2
974,대곡,2022-03-04,70,6,6.6,6.7
974,대곡,2022-03-05,37,6,6.8,7.7
974,대곡,2022-03-06,33,6,3.3,5.4
974,대곡,2022-03-07,56,7,3.6,5.9
974,대곡,2022-03-08,59,7,4.4,6.9
974,대곡,2022-03-09,57,7,5.8,7.6
974,대곡,2022-03-10,69,7,6.7,8.9
974,대곡,2022-03-11,82,7,9.4,10.9
974,대곡,2022-03-12,79,8,13.7,14.2
974,대곡,2022-03-13,90,8,15.3,15
974,대곡,2022-03-14,90,12,11.7,13.1
974,대곡,2022-03-15,65,12,9,11.9
974,대곡,2022-03-16,63,11,10.5,13.6
974,대곡,2022-03-17,72,11,10.2,10.4
974,대곡,2022-03-18,81,20,7.2,8.8
974,대곡,2022-03-19,83,19,4.4,6.9
974,대곡,2022-03-20,68,17,5.7,7.8
974,대곡,2022-03-21,54,16,7.4,9
974,대곡,2022-03-22,54,15,8.5,11
974,대곡,2022-03-23,65,15,6.2,7.8
974,대곡,2022-03-24,65,14,7.3,10.6
974,대곡,2022-03-25,77,14,11.5,11.9
974,대곡,2022-03-26,80,24,14,15.4
974,대곡,2022-03-27,50,18,13,13.9
974,대곡,2022-03-28,48,17,8,11
974,대곡,2022-03-29,64,16,8.5,12.9
974,대곡,2022-03-30,81,15,11.3,14.5
974,대곡,2022-03-31,81,15,12.4,15.5
974,대곡,2022-04-01,65,16,8.9,13.6
974,대곡,2022-04-02,68,15,8.6,14.6
974,대곡,2022-04-03,65,14,8.6,14.2
974,대곡,2022-04-04,68,14,9.9,15
974,대곡,2022-04-05,58,14,10.9,14
974,대곡,2022-04-06,56,13,11.6,16
974,대곡,2022-04-07,54,13,11.7,14.8
974,대곡,2022-04-08,58,13,12,16.6
974,대곡,2022-04-09,64,12,13.4,16.7
974,대곡,2022-04-10,70,12,14.9,18.4
974,대곡,2022-04-11,83,12,17,20.6
974,대곡,2022-04-12,79,12,19.4,22.6
974,대곡,2022-04-13,81,11,14.9,17.4
974,대곡,2022-04-14,71,11,11.8,14.6
974,대곡,2022-04-15,59,10,13.7,17.3
974,대곡,2022-04-16,56,10,11.7,17
974,대곡,2022-04-17,54,10,12,16.2
974,대곡,2022-04-18,53,9,14.1,16.4
974,대곡,2022-04-19,48,9,14.6,17.4
974,대곡,2022-04-20,48,8,13.5,16.5
974,대곡,2022-04-21,83,8,10.5,13.3
974,대곡,2022-04-22,71,8,16.8,18
974,대곡,2022-04-23,75,9,16.3,18.4
974,대곡,2022-04-24,70,8,19,20.9
974,대곡,2022-04-25,71,8,19.2,20
974,대곡,2022-04-26,96,22,,19
974,대곡,2022-04-27,62,19,17.3,19.8
974,대곡,2022-04-28,66,17,16.1,18.3
974,대곡,2022-04-29,78,23,11.6,15.3
974,대곡,2022-04-30,67,19,13.7,17.5
974,대곡,2022-05-01,52,17,13.3,17.7
974,대곡,2022-05-02,60,15,12.5,16.7
974,대곡,2022-05-03,67,14,12.1,17.8
974,대곡,2022-05-04,66,14,13.9,19.1
974,대곡,2022-05-05,68,13,15.6,20.9
974,대곡,2022-05-06,73,13,17.7,22.9
974,대곡,2022-05-07,67,12,19.2,23.1
974,대곡,2022-05-08,53,11,17.1,22.9
974,대곡,2022-05-09,60,11,15.8,20.6
974,대곡,2022-05-10,58,10,15.6,20.8
974,대곡,2022-05-11,67,10,18.4,22.7
974,대곡,2022-05-12,75,10,20.4,23.1
974,대곡,2022-05-13,86,10,18.3,21.4
974,대곡,2022-05-14,45,9,17.3,21.4
974,대곡,2022-05-15,45,9,15.6,22.3
974,대곡,2022-05-16,60,9,15.2,22.2
974,대곡,2022-05-17,62,9,17,23
974,대곡,2022-05-18,61,8,18.5,23.6
974,대곡,2022-05-19,62,8,17.5,21.5
974,대곡,2022-05-20,67,8,18.6,23
974,대곡,2022-05-21,69,7,20,23.2
974,대곡,2022-05-22,63,7,21.4,25.4
974,대곡,2022-05-23,70,7,20.9,25.8
974,대곡,2022-05-24,62,7,22.2,27.4
974,대곡,2022-05-25,63,7,21.8,27.4
974,대곡,2022-05-26,53,6,20.4,27.1
974,대곡,2022-05-27,54,6,19.9,26
974,대곡,2022-05-28,56,6,20.6,24.6
974,대곡,2022-05-29,56,6,21,26.6
974,대곡,2022-05-30,63,6,22.6,26.3
974,대곡,2022-05-31,49,6,22.6,27.4
974,대곡,2022-06-01,53,6,21.6,26.4
974,대곡,2022-06-02,67,5,20.9,26.7
974,대곡,2022-06-03,68,5,21.9,26.8
974,대곡,2022-06-04,61,5,21.1,26
974,대곡,2022-06-05,88,5,17.4,19.6
974,대곡,2022-06-06,80,19,19.8,22.6
974,대곡,2022-06-07,75,17,18,20.2
974,대곡,2022-06-08,82,18,17.6,20.2
974,대곡,2022-06-09,74,16,19.9,22.6
974,대곡,2022-06-10,76,15,20.2,22.2
974,대곡,2022-06-11,76,14,21.6,22.9
974,대곡,2022-06-12,74,13,20.4,22.8
974,대곡,2022-06-13,74,13,19.9,21.3
974,대곡,2022-06-14,88,16,17,19.3
974,대곡,2022-06-15,82,16,20.4,21.5
974,대곡,2022-06-16,70,14,23.2,23.7
974,대곡,2022-06-17,77,13,22.7,23.8
974,대곡,2022-06-18,76,12,24.8,25.3
974,대곡,2022-06-19,78,12,24.8,25.9
974,대곡,2022-06-20,79,11,25.3,26.6
974,대곡,2022-06-21,76,10,25.8,26.9
974,대곡,2022-06-22,76,9,26.3,27.3
974,대곡,2022-06-23,84,9,25.2,25.6
974,대곡,2022-06-24,87,18,25,25.4
974,대곡,2022-06-25,83,16,24.8,25.5
974,대곡,2022-06-26,85,14,26.1,25.5
974,대곡,2022-06-27,90,13,26,25.9
974,대곡,2022-06-28,85,19,26.3,26
974,대곡,2022-06-29,87,18,26.2,26
974,대곡,2022-06-30,82,18,26.8,27.1
974,대곡,2022-07-01,80,16,26.9,27.3
974,대곡,2022-07-02,76,14,26.8,26.8
974,대곡,2022-07-03,72,13,27.9,27.4
974,대곡,2022-07-04,81,12,27.2,27.6
974,대곡,2022-07-05,80,12,27.4,27.2
974,대곡,2022-07-06,81,12,27.8,27.9
974,대곡,2022-07-07,79,11,28.4,28.2
974,대곡,2022-07-08,90,10,27.1,27.8
974,대곡,2022-07-09,77,9,27.3,27.3
974,대곡,2022-07-10,81,9,27.2,27.6
974,대곡,2022-07-11,94,16,25,26.3
974,대곡,2022-07-12,84,19,25.8,27.5
974,대곡,2022-07-13,86,17,24.6,25.6
974,대곡,2022-07-14,82,16,27.8,27.6
974,대곡,2022-07-15,75,15,26.8,26.8
974,대곡,2022-07-16,68,13,26.4,26
974,대곡,2022-07-17,72,12,26.8,26.1
974,대곡,2022-07-18,97,26,22.4,23.9
974,대곡,2022-07-19,83,20,26.4,26.2
974,대곡,2022-07-20,77,17,26.6,26.7
974,대곡,2022-07-21,80,21,25.6,26.2
974,대곡,2022-07-22,75,18,25.6,25.8
974,대곡,2022-07-23,86,16,24.3,25.7
974,대곡,2022-07-24,85,21,26.2,26.7
974,대곡,2022-07-25,84,18,26.8,27.6
974,대곡,2022-07-26,84,16,26,27.2
974,대곡,2022-07-27,80,15,25.9,27.1
974,대곡,2022-07-28,87,13,26.3,26.9
974,대곡,2022-07-29,80,12,28.3,27.7
974,대곡,2022-07-30,83,11,27.1,27
974,대곡,2022-07-31,93,10,26.1,26.7
974,대곡,2022-08-01,83,20,27.8,26.6
974,대곡,2022-08-02,90,21,27.5,27.3
974,대곡,2022-08-03,86,20,28.1,28.1
974,대곡,2022-08-04,84,18,28.9,28.9
974,대곡,2022-08-05,84,16,28.4,28.4
974,대곡,2022-08-06,83,14,29.2,31.1
974,대곡,2022-08-07,84,13,29,31.4
974,대곡,2022-08-08,78,12,28.8,30.5
974,대곡,2022-08-09,79,11,28.4,29.7
974,대곡,2022-08-10,81,11,27.9,29.3
974,대곡,2022-08-11,91,11,26.7,27.8
974,대곡,2022-08-12,85,13,28.7,31.5
974,대곡,2022-08-13,87,12,27.7,31.3
974,대곡,2022-08-14,79,12,29,31.9
974,대곡,2022-08-15,76,11,29.2,32.7
974,대곡,2022-08-16,91,10,26.4,27.6
974,대곡,2022-08-17,93,19,25,27.3
974,대곡,2022-08-18,82,17,25.6,28.9
974,대곡,2022-08-19,84,16,26.8,28.9
974,대곡,2022-08-20,94,15,26.6,27.9
974,대곡,2022-08-21,83,19,26.1,28.7
974,대곡,2022-08-22,79,17,25.4,29.1
974,대곡,2022-08-23,88,15,25.4,27
974,대곡,2022-08-24,94,25,22.1,24.2
974,대곡,2022-08-25,78,18,24.1,27.5
974,대곡,2022-08-26,74,16,23.8,27.5
974,대곡,2022-08-27,76,14,21.6,24.4
974,대곡,2022-08-28,77,13,20.2,24.4
974,대곡,2022-08-29,83,12,20.8,24.3
974,대곡,2022-08-30,95,12,20.9,23.4
974,대곡,2022-08-31,93,19,22.2,24.2
974,대곡,2022-09-01,89,18,21.6,24
974,대곡,2022-09-02,94,17,20.6,22.1
974,대곡,2022-09-03,93,18,21.9,23.6
974,대곡,2022-09-04,89,18,25,26
974,대곡,2022-09-05,95,16,24.7,25.3
974,대곡,2022-09-06,76,21,22.7,24.2
974,대곡,2022-09-07,80,17,20.1,22.9
974,대곡,2022-09-08,77,16,20.8,23.4
974,대곡,2022-09-09,78,14,21.2,23
974,대곡,2022-09-10,81,13,20.9,22.8
974,대곡,2022-09-11,84,12,22.4,24.3
974,대곡,2022-09-12,89,11,21.8,24.4
974,대곡,2022-09-13,72,11,24,24.7
974,대곡,2022-09-14,69,10,23.5,24
974,대곡,2022-09-15,78,9,23.9,24.6
974,대곡,2022-09-16,85,8,24.3,26.1
974,대곡,2022-09-17,87,8,25.1,27
974,대곡,2022-09-18,74,7,27.6,27.9
974,대곡,2022-09-19,66,7,26.6,26.7
974,대곡,2022-09-20,61,6,19.7,23.2
974,대곡,2022-09-21,73,5,16.9,23.9
974,대곡,2022-09-22,79,5,17.2,23.4
974,대곡,2022-09-23,67,5,19.4,25.6
974,대곡,2022-09-24,64,5,17.8,24.5
974,대곡,2022-09-25,82,5,17.2,21.4
974,대곡,2022-09-26,88,5,17.5,21.3
974,대곡,2022-09-27,78,5,19.3,24.8
974,대곡,2022-09-28,84,5,18.9,23.6
974,대곡,2022-09-29,81,5,18.9,25.1
974,대곡,2022-09-30,80,5,18.5,24.5
974,대곡,2022-10-01,77,5,19.6,25.1
974,대곡,2022-10-02,79,5,20.3,25.5
974,대곡,2022-10-03,82,5,24.2,26.9
974,대곡,2022-10-04,82,5,22.5,24.4
974,대곡,2022-10-05,83,13,17.8,20.7
974,대곡,2022-10-07,68,12,16.8,18.7
974,대곡,2022-10-08,71,11,15.2,17.1
974,대곡,2022-10-09,90,11,13.8,16.6
974,대곡,2022-10-10,66,11,12.7,15.1
974,대곡,2022-10-11,68,11,12.9,15.3
974,대곡,2022-10-12,79,10,12.5,15.3
974,대곡,2022-10-13,77,10,14.8,17.4
974,대곡,2022-10-14,82,10,14.5,17.9
974,대곡,2022-10-15,83,10,15.2,18.7
974,대곡,2022-10-16,83,9,16.7,20.6
974,대곡,2022-10-17,59,9,13.9,17.6
974,대곡,2022-10-18,54,9,10.1,13.9
974,대곡,2022-10-19,68,8,8.6,12.7
974,대곡,2022-10-20,78,8,8.5,12.9
974,대곡,2022-10-21,77,8,12.5,15
974,대곡,2022-10-22,81,8,15.6,18.7
977,오창가곡,2022-03-01,79,23,4.6,4.6
977,오창가곡,2022-03-02,65,23,2.5,3.7
977,오창가곡,2022-03-03,67,23,4.2,4.5
977,오창가곡,2022-03-04,67,23,6.9,5.3
977,오창가곡,2022-03-05,45,23,3.6,5
977,오창가곡,2022-03-06,41,22,1.7,4.1
977,오창가곡,2022-03-07,53,19,2.1,4.4
977,오창가곡,2022-03-08,63,19,4.4,6
977,오창가곡,2022-03-09,67,20,5.7,8.1
977,오창가곡,2022-03-10,56,19,6.7,8.4
977,오창가곡,2022-03-11,63,20,9.5,11.2
977,오창가곡,2022-03-12,73,19,14.3,13.9
977,오창가곡,2022-03-13,94,25,13.6,12.7
977,오창가곡,2022-03-14,96,27,10.2,10.6
977,오창가곡,2022-03-15,76,28,8.4,11.6
977,오창가곡,2022-03-16,78,28,9.1,11
977,오창가곡,2022-03-17,90,27,8.8,9
977,오창가곡,2022-03-18,78,30,6.8,6.9
977,오창가곡,2022-03-19,88,31,4.1,5.3
977,오창가곡,2022-03-20,76,28,5.2,7.9
977,오창가곡,2022-03-21,61,28,4.7,7.7
977,오창가곡,2022-03-22,59,28,5.7,8.9
977,오창가곡,2022-03-23,75,27,4.2,6.1
977,오창가곡,2022-03-24,76,27,6.9,7.3
977,오창가곡,2022-03-25,75,27,11.6,10.7
977,오창가곡,2022-03-26,91,32,11.6,11.5
977,오창가곡,2022-03-27,68,29,8,9.6
977,오창가곡,2022-03-28,59,29,5.7,10.1
977,오창가곡,2022-03-29,63,28,8.8,11.8
977,오창가곡,2022-03-30,83,27,10.8,12.4
977,오창가곡,2022-03-31,80,27,10.7,12.5
977,오창가곡,2022-04-01,61,27,8.4,11.8
977,오창가곡,2022-04-02,55,26,6.8,11.5
977,오창가곡,2022-04-03,56,25,8.2,12.2
977,오창가곡,2022-04-04,55,25,9.1,12.7
977,오창가곡,2022-04-05,53,24,9.3,11.4
977,오창가곡,2022-04-06,47,24,11.1,13.7
977,오창가곡,2022-04-07,47,24,11.1,12.9
977,오창가곡,2022-04-08,49,22,12.1,15.5
977,오창가곡,2022-04-09,53,22,16.2,17.9
977,오창가곡,2022-04-10,54,21,17.1,19.9
977,오창가곡,2022-04-11,63,20,18.9,21.7
977,오창가곡,2022-04-12,76,19,19.4,21.8
977,오창가곡,2022-04-13,96,20,12.6,14
977,오창가곡,2022-04-14,86,31,9.7,10.9
977,오창가곡,2022-04-15,61,30,11.7,14.5
977,오창가곡,2022-04-16,56,29,11.7,14.8
977,오창가곡,2022-04-17,58,28,12.1,15.2
977,오창가곡,2022-04-18,58,27,13.6,15.3
977,오창가곡,2022-04-19,58,25,13.9,16.7
977,오창가곡,2022-04-20,57,23,13.9,17.2
977,오창가곡,2022-04-21,62,22,13.2,14.7
977,오창가곡,2022-04-22,77,22,16,17.9
977,오창가곡,2022-04-23,67,20,17,18.4
977,오창가곡,2022-04-24,70,19,18.3,20.6
977,오창가곡,2022-04-25,77,17,20,20.8
977,오창가곡,2022-04-26,82,20,18.8,20
977,오창가곡,2022-04-27,48,19,16,19.9
977,오창가곡,2022-04-28,53,17,16.9,20.2
977,오창가곡,2022-04-29,76,21,12.7,15.4
977,오창가곡,2022-04-30,66,21,13.1,15.3
977,오창가곡,2022-05-01,57,20,12.8,17
977,오창가곡,2022-05-02,62,17,12.9,17.1
977,오창가곡,2022-05-03,59,15,13.4,17.7
977,오창가곡,2022-05-04,55,13,16.3,20.1
977,오창가곡,2022-05-05,59,11,17.4,22.2
977,오창가곡,2022-05-06,70,9,19,23.8
977,오창가곡,2022-05-07,69,9,17.2,22
977,오창가곡,2022-05-08,56,8,15.8,19.6
977,오창가곡,2022-05-09,62,8,16.4,19.7
977,오창가곡,2022-05-10,44,7,18.1,23
977,오창가곡,2022-05-11,53,7,19,24.6
977,오창가곡,2022-05-12,60,7,20.2,25.2
977,오창가곡,2022-05-13,61,6,18.4,21.8
977,오창가곡,2022-05-14,52,6,15,23.6
977,오창가곡,2022-05-15,55,6,14.2,24.1
977,오창가곡,2022-05-16,52,6,15.6,23.8
977,오창가곡,2022-05-17,56,6,18.8,25.8
977,오창가곡,2022-05-18,53,5,20.6,27.2
977,오창가곡,2022-05-19,46,5,19.6,24.5
977,오창가곡,2022-05-20,59,5,19.5,27.2
977,오창가곡,2022-05-21,70,5,20.8,30
977,오창가곡,2022-05-22,75,5,21.1,31.1
977,오창가곡,2022-05-23,68,5,22.9,31.6
977,오창가곡,2022-05-24,60,4,22.3,33.7
977,오창가곡,2022-05-25,64,4,21.3,30.5
977,오창가곡,2022-05-26,60,6,19.1,27
977,오창가곡,2022-05-27,61,5,20.5,29.3
977,오창가곡,2022-05-28,61,5,21.5,28.1
977,오창가곡,2022-05-29,61,4,22.4,33
977,오창가곡,2022-05-30,74,4,21.1,25.9
977,오창가곡,2022-05-31,57,4,20.3,31.8
977,오창가곡,2022-06-01,47,4,21.5,33
977,오창가곡,2022-06-02,69,4,21.1,33.1
977,오창가곡,2022-06-03,64,4,24.4,36.1
977,오창가곡,2022-06-04,58,4,24.4,32
977,오창가곡,2022-06-05,82,3,18.8,19.9
977,오창가곡,2022-06-06,85,5,18.2,21.1
977,오창가곡,2022-06-07,77,6,17.4,20.1
977,오창가곡,2022-06-08,73,6,20.2,28.2
977,오창가곡,2022-06-09,75,5,21.4,26.2
977,오창가곡,2022-06-10,72,5,22.9,30
977,오창가곡,2022-06-11,67,4,23.5,32.1
977,오창가곡,2022-06-12,70,4,23.6,31
977,오창가곡,2022-06-13,61,4,23.1,32.5
977,오창가곡,2022-06-14,74,4,18.4,20.1
977,오창가곡,2022-06-15,87,9,19.4,21.9
977,오창가곡,2022-06-16,76,9,21.1,23.4
977,오창가곡,2022-06-17,81,8,22.2,25.8
977,오창가곡,2022-06-18,82,8,24.5,26.9
977,오창가곡,2022-06-19,79,7,24.7,28
977,오창가곡,2022-06-20,79,7,26.1,30.7
977,오창가곡,2022-06-21,71,6,27.1,35.1
977,오창가곡,2022-06-22,76,5,26.5,33.6
977,오창가곡,2022-06-23,93,4,24.8,26.9
977,오창가곡,2022-06-24,86,19,24.6,25.4
977,오창가곡,2022-06-25,80,17,27.1,27.8
977,오창가곡,2022-06-26,83,15,27.4,26.8
977,오창가곡,2022-06-27,86,14,27.5,27.5
977,오창가곡,2022-06-28,71,14,28.8,26.3
977,오창가곡,2022-06-29,96,24,26,26.1
977,오창가곡,2022-06-30,96,27,25,27.5
977,오창가곡,2022-07-01,81,25,28,31.3
977,오창가곡,2022-07-02,77,23,28.9,31.8
977,오창가곡,2022-07-03,82,21,28,31.7
977,오창가곡,2022-07-04,85,24,27.9,31.5
977,오창가곡,2022-07-05,88,22,27.9,31.2
977,오창가곡,2022-07-06,83,21,29.4,32.1
977,오창가곡,2022-07-07,85,20,29,29.8
977,오창가곡,2022-07-08,82,23,28,29.8
977,오창가곡,2022-07-09,90,21,26.7,28.4
977,오창가곡,2022-07-10,83,20,28.6,31.4
977,오창가곡,2022-07-11,96,22,24.3,27
977,오창가곡,2022-07-12,90,22,26.7,28.6
977,오창가곡,2022-07-13,95,21,24.8,26
977,오창가곡,2022-07-14,91,24,26.2,28.4
977,오창가곡,2022-07-15,80,23,25.9,29.6
977,오창가곡,2022-07-16,93,22,24.2,29.3
977,오창가곡,2022-07-17,85,24,25.6,28.3
977,오창가곡,2022-07-18,98,25,23.3,25.5
977,오창가곡,2022-07-19,92,24,24.7,27.9
977,오창가곡,2022-07-20,85,24,26.7,29.9
977,오창가곡,2022-07-21,98,28,23.3,25.5
977,오창가곡,2022-07-22,86,26,25.2,28.8
977,오창가곡,2022-07-23,91,24,24.5,27.6
977,오창가곡,2022-07-24,98,26,24.8,27.5
977,오창가곡,2022-07-25,85,25,27.3,30.7
977,오창가곡,2022-07-26,84,23,27.9,31.5
977,오창가곡,2022-07-27,81,21,26.8,30.8
977,오창가곡,2022-07-28,82,20,27.6,29.9
977,오창가곡,2022-07-29,79,19,29.3,33.6
977,오창가곡,2022-07-30,82,17,28.7,31.4
977,오창가곡,2022-07-31,95,16,27,29.3
977,오창가곡,2022-08-01,88,26,28,30
977,오창가곡,2022-08-02,96,25,27.7,29
977,오창가곡,2022-08-03,91,25,28.4,31
977,오창가곡,2022-08-04,88,24,28.8,30.9
977,오창가곡,2022-08-05,93,22,28.8,30.5
977,오창가곡,2022-08-06,88,22,29.5,32.3
977,오창가곡,2022-08-07,87,20,29.5,31.7
977,오창가곡,2022-08-08,90,19,28.1,28.4
977,오창가곡,2022-08-09,98,26,27,27.7
977,오창가곡,2022-08-10,98,35,24.3,25.8
977,오창가곡,2022-08-11,98,35,24.8,25.8
977,오창가곡,2022-08-12,84,30,26.9,29.7
977,오창가곡,2022-08-13,97,26,25.3,26.8
977,오창가곡,2022-08-14,98,32,26.1,26.9
977,오창가곡,2022-08-15,91,28,27.9,28.4
977,오창가곡,2022-08-16,93,28,26.5,28.6
977,오창가곡,2022-08-17,96,26,24.2,26.6
977,오창가곡,2022-08-18,88,27,24.1,27.7
977,오창가곡,2022-08-19,97,26,25.9,26.8
977,오창가곡,2022-08-20,86,27,27.8,29.3
977,오창가곡,2022-08-21,81,25,26.9,28.9
977,오창가곡,2022-08-22,84,23,26.7,28.4
977,오창가곡,2022-08-23,98,23,24,26.3
977,오창가곡,2022-08-24,87,24,23.5,26.3
977,오창가곡,2022-08-25,92,23,22.1,25.3
977,오창가곡,2022-08-26,84,22,22.4,25
977,오창가곡,2022-08-27,72,21,21.9,25.1
977,오창가곡,2022-08-28,75,20,21.3,24.1
977,오창가곡,2022-08-29,88,18,19.8,22.5
977,오창가곡,2022-08-30,98,30,19,21.2
977,오창가곡,2022-08-31,98,35,21.1,22.7
977,오창가곡,2022-09-01,89,28,22.4,24.3
977,오창가곡,2022-09-02,79,26,22.5,23.9
977,오창가곡,2022-09-03,78,25,23,25
977,오창가곡,2022-09-04,92,24,23.8,24.4
977,오창가곡,2022-09-05,98,30,22.4,24.2
977,오창가곡,2022-09-06,87,35,20.3,22.7
977,오창가곡,2022-09-07,82,27,20.1,23.9
977,오창가곡,2022-09-08,81,26,21,24.9
977,오창가곡,2022-09-09,79,24,21.7,25.5
977,오창가곡,2022-09-10,76,23,21.5,24.8
977,오창가곡,2022-09-11,83,23,23,26.4
977,오창가곡,2022-09-12,92,23,23.1,25.4
977,오창가곡,2022-09-13,84,22,24.1,25.3
977,오창가곡,2022-09-14,72,22,23.5,25.1
977,오창가곡,2022-09-15,77,21,24.2,25.9
977,오창가곡,2022-09-16,81,20,25.9,28.1
977,오창가곡,2022-09-17,85,18,27.1,29.4
977,오창가곡,2022-09-18,84,17,27.2,29.3
977,오창가곡,2022-09-19,73,15,23.7,26.3
977,오창가곡,2022-09-20,77,14,18.6,22.5
977,오창가곡,2022-09-21,77,12,17,21.8
977,오창가곡,2022-09-22,75,11,17.9,21.5
977,오창가곡,2022-09-23,83,11,16.1,19.5
977,오창가곡,2022-09-24,78,10,16.5,19.7
977,오창가곡,2022-09-25,83,10,17.6,21
977,오창가곡,2022-09-26,79,10,18.2,20.9
977,오창가곡,2022-09-27,80,9,18.5,21
977,오창가곡,2022-09-28,87,9,17.9,20.6
977,오창가곡,2022-09-29,90,8,17.6,20.5
977,오창가곡,2022-09-30,84,11,17.3,18.9
977,오창가곡,2022-10-01,84,21,18.3,20.5
977,오창가곡,2022-10-02,88,25,18.7,19.7
977,오창가곡,2022-10-03,97,27,22.6,21.9
977,오창가곡,2022-10-04,88,36,19.3,21.6
977,오창가곡,2022-10-05,77,27,16.8,20.5
977,오창가곡,2022-10-07,81,25,16.1,19.7
977,오창가곡,2022-10-08,77,24,14.9,17.4
977,오창가곡,2022-10-09,94,23,13.1,16.5
977,오창가곡,2022-10-10,82,28,10.5,14
977,오창가곡,2022-10-11,83,27,10.7,14.7
977,오창가곡,2022-10-12,86,25,11.5,14.6
977,오창가곡,2022-10-13,84,24,14.1,15.7
977,오창가곡,2022-10-14,88,25,15,16.8
977,오창가곡,2022-10-15,81,24,17.4,18.8
977,오창가곡,2022-10-16,90,25,17.2,19
977,오창가곡,2022-10-17,61,23,12.3,15.9
977,오창가곡,2022-10-18,74,21,7.1,12.4
977,오창가곡,2022-10-19,76,20,7.7,12
977,오창가곡,2022-10-20,80,20,9.7,12.8
977,오창가곡,2022-10-21,81,20,11.7,14.4
977,오창가곡,2022-10-22,81,20,13.1,14.9
978,춘천신북,2022-03-01,81,13,3.2,2.4
978,춘천신북,2022-03-02,58,10,2.4,2.2
978,춘천신북,2022-03-03,51,12,4.5,2.9
978,춘천신북,2022-03-04,59,11,5.2,3.9
978,춘천신북,2022-03-05,35,14,2.7,2.8
978,춘천신북,2022-03-06,32,10,1.4,2
978,춘천신북,2022-03-07,44,11,1.5,2
978,춘천신북,2022-03-08,58,14,3.7,3.9
978,춘천신북,2022-03-09,62,14,5.6,5
978,춘천신북,2022-03-10,46,14,7.8,5.9
978,춘천신북,2022-03-11,54,13,8,6.5
978,춘천신북,2022-03-12,74,13,10.4,8.9
978,춘천신북,2022-03-13,95,22,11.3,10.9
978,춘천신북,2022-03-14,91,21,7.7,8.3
978,춘천신북,2022-03-15,76,21,7.2,9
978,춘천신북,2022-03-16,71,20,8.5,9.2
978,춘천신북,2022-03-17,64,19,9,10
978,춘천신북,2022-03-18,62,17,6,6.7
978,춘천신북,2022-03-19,82,19,,4.5
978,춘천신북,2022-03-20,78,21,3.7,6.7
978,춘천신북,2022-03-21,59,20,4.1,5.6
978,춘천신북,2022-03-22,53,19,5.5,7.1
978,춘천신북,2022-03-23,58,18,5.1,5.9
978,춘천신북,2022-03-24,71,18,6.6,6.8
978,춘천신북,2022-03-25,78,18,9.3,9.5
978,춘천신북,2022-03-26,92,26,11,11.8
978,춘천신북,2022-03-27,57,22,7.9,8.7
978,춘천신북,2022-03-28,43,20,6.2,7.3
978,춘천신북,2022-03-29,54,18,7.6,9.1
978,춘천신북,2022-03-30,77,17,8.2,9.4
978,춘천신북,2022-03-31,69,17,8.8,10.7
978,춘천신북,2022-04-01,58,17,7.8,10.9
978,춘천신북,2022-04-02,53,15,7.4,10.8
978,춘천신북,2022-04-03,48,14,8.6,11.7
978,춘천신북,2022-04-04,50,13,9.7,12.6
978,춘천신북,2022-04-05,46,12,10,12.7
978,춘천신북,2022-04-06,37,12,11.5,13.9
978,춘천신북,2022-04-07,36,11,12.5,16
978,춘천신북,2022-04-08,45,10,11.7,15.3
978,춘천신북,2022-04-09,47,9,16.6,17.9
978,춘천신북,2022-04-10,47,8,17.3,18.8
978,춘천신북,2022-04-11,56,7,17.9,20.2
978,춘천신북,2022-04-12,70,7,19.3,21.4
978,춘천신북,2022-04-13,63,16,9.8,12.1
978,춘천신북,2022-04-14,54,15,10.6,12.4
978,춘천신북,2022-04-15,57,14,10.7,14.9
978,춘천신북,2022-04-16,52,12,10.9,15.7
978,춘천신북,2022-04-17,37,10,13.2,16.7
978,춘천신북,2022-04-18,38,8,14.8,16.7
978,춘천신북,2022-04-19,46,8,13.7,17.5
978,춘천신북,2022-04-20,46,7,14.4,18.7
978,춘천신북,2022-04-21,53,6,14.3,18.8
978,춘천신북,2022-04-22,75,5,14.5,14
978,춘천신북,2022-04-23,60,5,16.1,19.9
978,춘천신북,2022-04-24,60,5,17.1,20.2
978,춘천신북,2022-04-25,75,5,19.2,20.7
978,춘천신북,2022-04-26,64,5,21.1,24.9
978,춘천신북,2022-04-27,30,5,17,22.9
978,춘천신북,2022-04-28,53,4,15.3,21.7
978,춘천신북,2022-04-29,73,19,10.7,16
978,춘천신북,2022-04-30,79,16,10.3,12.8
978,춘천신북,2022-05-01,56,14,11.5,15.6
978,춘천신북,2022-05-02,58,12,11.8,16.5
978,춘천신북,2022-05-03,55,10,12.8,18.4
978,춘천신북,2022-05-04,53,8,16,20.8
978,춘천신북,2022-05-05,55,7,17.5,23.2
978,춘천신북,2022-05-06,64,6,18,23.6
978,춘천신북,2022-05-07,53,5,17.9,21.8
978,춘천신북,2022-05-08,63,4,12.7,16.2
978,춘천신북,2022-05-09,60,5,15.1,20.3
978,춘천신북,2022-05-10,48,5,16.2,22.3
978,춘천신북,2022-05-11,54,11,18.7,27.4
978,춘천신북,2022-05-12,59,10,19,27.8
978,춘천신북,2022-05-13,61,10,15.7,22
978,춘천신북,2022-05-14,50,9,13.8,22.3
978,춘천신북,2022-05-15,46,9,14.2,22.7
978,춘천신북,2022-05-16,48,9,16,23.7
978,춘천신북,2022-05-17,54,8,18.5,26
978,춘천신북,2022-05-18,65,9,18,20.7
978,춘천신북,2022-05-19,53,9,18.8,25
978,춘천신북,2022-05-20,54,8,18.6,26.5
978,춘천신북,2022-05-21,66,8,19.5,24.7
978,춘천신북,2022-05-22,75,8,18.5,22
978,춘천신북,2022-05-23,71,8,21.2,27.7
978,춘천신북,2022-05-24,53,7,22.4,31.3
978,춘천신북,2022-05-25,68,7,19.3,28.9
978,춘천신북,2022-05-26,59,12,18,23.4
978,춘천신북,2022-05-27,60,10,19.1,25.1
978,춘천신북,2022-05-28,59,9,20.5,27.8
978,춘천신북,2022-05-29,58,9,20.7,29.8
978,춘천신북,2022-05-30,84,8,18.3,21
978,춘천신북,2022-05-31,56,8,18.7,25.5
978,춘천신북,2022-06-01,42,8,19.7,28
978,춘천신북,2022-06-02,58,7,20.3,28.9
978,춘천신북,2022-06-03,62,7,22.6,32.4
978,춘천신북,2022-06-04,64,6,22.2,28.7
978,춘천신북,2022-06-05,77,6,19.5,21.8
978,춘천신북,2022-06-06,81,24,16.2,19.2
978,춘천신북,2022-06-07,69,19,16.7,19.7
978,춘천신북,2022-06-08,67,16,19,23.6
978,춘천신북,2022-06-09,91,16,17.5,19.6
978,춘천신북,2022-06-10,84,22,19.3,21.2
978,춘천신북,2022-06-11,71,20,21.2,23
978,춘천신북,2022-06-12,71,17,21.6,25.3
978,춘천신북,2022-06-13,72,18,20.5,21.4
978,춘천신북,2022-06-14,60,15,19.6,22.6
978,춘천신북,2022-06-15,98,26,15.8,18.9
978,춘천신북,2022-06-16,85,24,19.7,22.5
978,춘천신북,2022-06-17,79,22,21.5,24.9
978,춘천신북,2022-06-18,83,19,23.2,25.2
978,춘천신북,2022-06-19,88,19,22.8,24.4
978,춘천신북,2022-06-20,80,18,24.6,26.4
978,춘천신북,2022-06-21,72,16,26.2,30.9
978,춘천신북,2022-06-22,74,15,25.8,30.1
978,춘천신북,2022-06-23,94,14,22.5,24.1
978,춘천신북,2022-06-24,85,25,23.9,25.9
978,춘천신북,2022-06-25,75,23,25.8,27.3
978,춘천신북,2022-06-26,95,22,24.6,25.2
978,춘천신북,2022-06-27,96,25,25.2,26.3
978,춘천신북,2022-06-28,97,26,24.2,24.6
978,춘천신북,2022-06-29,98,27,24.4,24.8
978,춘천신북,2022-06-30,99,30,21.5,22.9
978,춘천신북,2022-07-01,87,26,,28.9
978,춘천신북,2022-07-02,80,23,26.6,29.1
978,춘천신북,2022-07-03,76,21,27.3,31.5
978,춘천신북,2022-07-04,87,19,26.2,31.3
978,춘천신북,2022-07-05,86,24,27,31.1
978,춘천신북,2022-07-06,83,21,27.8,29.3
978,춘천신북,2022-07-07,93,25,27,29.2
978,춘천신북,2022-07-08,93,26,25,27
978,춘천신북,2022-07-09,86,24,27.1,30
978,춘천신북,2022-07-10,81,22,27.6,31.3
978,춘천신북,2022-07-11,87,26,24.7,27.4
978,춘천신북,2022-07-12,82,24,24.8,27.6
978,춘천신북,2022-07-13,99,23,22.9,24.8
978,춘천신북,2022-07-14,86,27,24.7,28
978,춘천신북,2022-07-15,84,24,24.8,28.9
978,춘천신북,2022-07-16,86,22,23.8,26.5
978,춘천신북,2022-07-17,93,28,23.8,26.7
978,춘천신북,2022-07-18,84,25,25.2,27.6
978,춘천신북,2022-07-19,85,23,25.7,27.5
978,춘천신북,2022-07-20,87,21,25.3,27.4
978,춘천신북,2022-07-21,95,31,22.1,24.8
978,춘천신북,2022-07-22,91,27,23.3,26.4
978,춘천신북,2022-07-23,89,25,23.8,26.6
978,춘천신북,2022-07-24,93,28,23.9,26.4
978,춘천신북,2022-07-25,79,26,26.5,29.4
978,춘천신북,2022-07-26,79,23,27,29.3
978,춘천신북,2022-07-27,73,20,27.2,28.6
978,춘천신북,2022-07-28,83,19,26.5,28.9
978,춘천신북,2022-07-29,81,18,28.4,29.6
978,춘천신북,2022-07-30,82,17,28.3,30.4
978,춘천신북,2022-07-31,96,16,25.6,27.4
978,춘천신북,2022-08-01,91,29,26.7,28.4
978,춘천신북,2022-08-02,99,29,25.9,27.6
978,춘천신북,2022-08-03,98,29,25.9,27.1
978,춘천신북,2022-08-04,85,27,28,30.1
978,춘천신북,2022-08-05,84,25,27.9,30.5
978,춘천신북,2022-08-06,90,24,27.2,29.2
978,춘천신북,2022-08-07,95,23,26.5,29
978,춘천신북,2022-08-08,99,30,25,26.2
978,춘천신북,2022-08-09,99,29,24.4,25.6
978,춘천신북,2022-08-10,86,28,25,28.2
978,춘천신북,2022-08-11,90,29,25.1,28.1
978,춘천신북,2022-08-12,80,27,26.2,29.7
978,춘천신북,2022-08-13,97,24,23.7,26.1
978,춘천신북,2022-08-14,91,26,25.7,27.9
978,춘천신북,2022-08-15,90,28,26.2,26.7
978,춘천신북,2022-08-16,79,28,26.4,28.9
978,춘천신북,2022-08-17,85,25,23.8,28.2
978,춘천신북,2022-08-18,83,24,24,27.1
978,춘천신북,2022-08-19,92,22,24.1,26.2
978,춘천신북,2022-08-20,81,28,27.1,29.8
978,춘천신북,2022-08-21,79,25,25.5,29
978,춘천신북,2022-08-22,85,23,25.2,27.2
978,춘천신북,2022-08-23,73,22,25.5,29.1
978,춘천신북,2022-08-24,66,20,23.8,25.5
978,춘천신북,2022-08-25,94,19,20.3,23.4
978,춘천신북,2022-08-26,80,20,22.5,26
978,춘천신북,2022-08-27,69,21,20,25.6
978,춘천신북,2022-08-28,74,18,20,25.2
978,춘천신북,2022-08-29,88,17,18.9,22.4
978,춘천신북,2022-08-30,98,29,18.2,21.2
978,춘천신북,2022-08-31,88,27,20.1,22.4
978,춘천신북,2022-09-01,82,26,21.3,24.7
978,춘천신북,2022-09-02,69,23,21.8,23.9
978,춘천신북,2022-09-03,69,21,21.6,24.5
978,춘천신북,2022-09-04,95,20,20.2,22.5
978,춘천신북,2022-09-05,99,30,19,20.9
978,춘천신북,2022-09-06,79,29,19.5,21.7
978,춘천신북,2022-09-07,74,27,19.4,22.8
978,춘천신북,2022-09-08,78,25,19.6,23.6
978,춘천신북,2022-09-09,66,23,21.1,24
978,춘천신북,2022-09-10,68,21,21.2,23.8
978,춘천신북,2022-09-11,82,20,21.3,24
978,춘천신북,2022-09-12,85,20,21.9,24.8
978,춘천신북,2022-09-13,79,20,22.6,23.9
978,춘천신북,2022-09-14,61,20,23.1,24.5
978,춘천신북,2022-09-15,70,19,23.7,24.7
978,춘천신북,2022-09-16,81,18,24.3,26.7
978,춘천신북,2022-09-17,89,19,24.8,26.8
978,춘천신북,2022-09-18,83,18,24.7,26.3
978,춘천신북,2022-09-19,70,18,21.3,24.6
978,춘천신북,2022-09-20,73,16,16.7,21.8
978,춘천신북,2022-09-21,74,16,15.7,20.9
978,춘천신북,2022-09-22,79,15,15.6,20.8
978,춘천신북,2022-09-23,75,15,15.2,19.5
978,춘천신북,2022-09-24,72,15,14.9,18.6
978,춘천신북,2022-09-25,78,15,15.3,19.5
978,춘천신북,2022-09-26,80,14,15.6,19.5
978,춘천신북,2022-09-27,80,14,16.8,20
978,춘천신북,2022-09-28,87,14,16.1,19.6
978,춘천신북,2022-09-29,89,14,17.2,20.5
978,춘천신북,2022-09-30,88,14,17,20.2
978,춘천신북,2022-10-01,84,14,17.2,20.5
978,춘천신북,2022-10-02,94,14,16.4,18.7
978,춘천신북,2022-10-03,99,28,17.9,19.1
978,춘천신북,2022-10-04,84,28,18.2,20.6
978,춘천신북,2022-10-05,71,26,15,17.9
978,춘천신북,2022-10-07,81,24,12.9,17
978,춘천신북,2022-10-08,77,23,13,15.9
978,춘천신북,2022-10-09,92,22,11.4,15.4
978,춘천신북,2022-10-10,71,27,8.8,13.7
978,춘천신북,2022-10-11,75,26,9.5,14.2
978,춘천신북,2022-10-12,83,24,10.7,13.6
978,춘천신북,2022-10-13,86,23,12.3,15
978,춘천신북,2022-10-14,85,23,14.2,16.8
978,춘천신북,2022-10-15,83,22,15.2,17.2
978,춘천신북,2022-10-16,91,21,13.9,15.8
978,춘천신북,2022-10-17,65,21,10.5,14
978,춘천신북,2022-10-18,70,20,6.5,10.8
978,춘천신북,2022-10-19,73,20,6.4,10.9
978,춘천신북,2022-10-20,78,19,8.5,10.5
978,춘천신북,2022-10-21,76,19,10.9,12.2
978,춘천신북,2022-10-22,76,19,12.8,14.4
980,강정,2022-03-01,58,18,13.5,11.6
980,강정,2022-03-02,38,18,6.9,9
980,강정,2022-03-03,56,17,7.7,8.4
980,강정,2022-03-04,62,16,9.9,10.1
980,강정,2022-03-05,32,16,10.8,9.6
980,강정,2022-03-06,47,15,6.2,9.1
980,강정,2022-03-07,60,15,7.4,9.6
980,강정,2022-03-08,53,15,8.5,10.1
980,강정,2022-03-09,59,15,11.5,11.4
980,강정,2022-03-10,60,14,11.5,12.2
980,강정,2022-03-11,67,14,15.8,13.1
980,강정,2022-03-12,68,14,17.4,16.1
980,강정,2022-03-13,90,14,15.2,14.9
980,강정,2022-03-14,93,19,14.1,14.8
980,강정,2022-03-15,66,20,12.5,15.5
980,강정,2022-03-16,72,20,13.2,15
980,강정,2022-03-17,70,19,13.2,13.2
980,강정,2022-03-18,77,27,12.8,13.5
980,강정,2022-03-19,72,25,7.6,11.7
980,강정,2022-03-20,70,24,8.1,10.7
980,강정,2022-03-21,69,24,9.3,10.6
980,강정,2022-03-22,60,28,9.9,11.8
980,강정,2022-03-23,72,26,9.7,12.8
980,강정,2022-03-24,65,25,10.6,12.6
980,강정,2022-03-25,83,24,15.4,13.1
980,강정,2022-03-26,73,29,13.9,16.6
980,강정,2022-03-27,43,27,14.7,15.6
980,강정,2022-03-28,50,25,11.8,13.9
980,강정,2022-03-29,58,23,12.6,14.3
980,강정,2022-03-30,85,22,17.2,16
980,강정,2022-03-31,71,22,15.1,16.4
980,강정,2022-04-01,58,21,10.4,13.8
980,강정,2022-04-02,50,20,9.6,14
980,강정,2022-04-03,53,19,9.9,14.1
980,강정,2022-04-04,45,18,11.5,14.6
980,강정,2022-04-05,41,17,11.8,13.5
980,강정,2022-04-06,50,16,13.6,15.3
980,강정,2022-04-07,58,16,14.5,16
980,강정,2022-04-08,42,16,14.5,16.7
980,강정,2022-04-09,48,15,14.8,17
980,강정,2022-04-10,61,14,17.7,17.9
980,강정,2022-04-11,84,13,19.6,20
980,강정,2022-04-12,83,14,19.3,21.3
980,강정,2022-04-13,86,14,18,20.7
980,강정,2022-04-14,81,27,14.9,16.9
980,강정,2022-04-15,58,24,15.2,18.7
980,강정,2022-04-16,55,22,13.1,17.4
980,강정,2022-04-17,47,20,13.9,17.7
980,강정,2022-04-18,49,18,15.1,17.3
980,강정,2022-04-19,43,17,15.4,18.1
980,강정,2022-04-20,46,15,15.8,18.6
980,강정,2022-04-21,73,16,12.7,17.6
980,강정,2022-04-22,63,21,17.5,19.3
980,강정,2022-04-23,89,17,18.4,19.6
980,강정,2022-04-24,82,18,18.6,21.6
980,강정,2022-04-25,82,16,19.5,20.1
980,강정,2022-04-26,97,28,17.9,19.1
980,강정,2022-04-27,70,28,18.5,21.3
980,강정,2022-04-28,50,25,18.7,19.5
980,강정,2022-04-29,82,30,14.7,18.4
980,강정,2022-04-30,62,27,14.8,17.4
980,강정,2022-05-01,40,26,14.6,18.4
980,강정,2022-05-02,32,23,16.8,18
980,강정,2022-05-03,47,20,13.7,18.4
980,강정,2022-05-04,55,18,14.4,19.1
980,강정,2022-05-05,68,16,18.2,19.6
980,강정,2022-05-06,66,16,20.3,21.3
980,강정,2022-05-07,73,15,19.9,22.5
980,강정,2022-05-08,74,14,18,20.9
980,강정,2022-05-09,57,13,17.2,19.3
980,강정,2022-05-10,70,13,17.2,19.1
980,강정,2022-05-11,88,16,19.2,19.6
980,강정,2022-05-12,85,18,20,20.8
980,강정,2022-05-13,96,19,18.4,20.7
980,강정,2022-05-14,52,25,17.8,20.8
980,강정,2022-05-15,39,21,16.7,19.7
980,강정,2022-05-16,45,19,16.3,19.7
980,강정,2022-05-17,44,17,19.3,20.8
980,강정,2022-05-18,39,15,20.1,21.9
980,강정,2022-05-19,38,13,19.6,20.4
980,강정,2022-05-20,66,13,19.8,21.7
980,강정,2022-05-21,57,13,19.4,22.8
980,강정,2022-05-22,49,11,21.1,23.4
980,강정,2022-05-23,48,10,21.3,23.7
980,강정,2022-05-24,50,10,20.8,24.4
980,강정,2022-05-25,54,9,20.9,24.7
980,강정,2022-05-26,67,8,18.5,22.9
980,강정,2022-05-27,31,8,22.2,22.9
980,강정,2022-05-28,44,8,21.3,23.2
980,강정,2022-05-29,85,7,18.9,21
980,강정,2022-05-30,88,15,20.6,23.4
980,강정,2022-05-31,54,13,21.3,24.3
980,강정,2022-06-01,61,11,19.5,23.9
980,강정,2022-06-02,82,10,19.3,23.3
980,강정,2022-06-03,77,9,20.8,25
980,강정,2022-06-04,73,8,21.9,23.8
980,강정,2022-06-05,91,21,19.9,20.8
980,강정,2022-06-06,69,22,21.7,23.8
980,강정,2022-06-07,88,21,19,21.7
980,강정,2022-06-08,75,24,19.9,22.7
980,강정,2022-06-09,72,22,20.6,22.9
980,강정,2022-06-10,81,21,20.9,22.1
980,강정,2022-06-11,64,27,22.2,23.7
980,강정,2022-06-12,69,23,21.1,22.5
980,강정,2022-06-13,84,30,19.8,21
980,강정,2022-06-14,77,26,21.1,21.6
980,강정,2022-06-15,89,24,20.9,22.6
980,강정,2022-06-16,84,24,21.5,24.3
980,강정,2022-06-17,86,22,22.5,24.6
980,강정,2022-06-18,81,22,23.3,26.8
980,강정,2022-06-19,89,20,23.5,26.5
980,강정,2022-06-20,84,19,22.7,25.2
980,강정,2022-06-21,78,19,24.6,26.7
980,강정,2022-06-22,85,17,24.1,27.4
980,강정,2022-06-23,95,19,23.7,25.8
980,강정,2022-06-24,95,37,23.4,24.6
980,강정,2022-06-25,89,30,24.2,26.1
980,강정,2022-06-26,95,29,24.9,26.2
980,강정,2022-06-27,96,27,24.9,26.1
980,강정,2022-06-28,96,27,24.8,25.9
980,강정,2022-06-29,95,27,25.1,25.9
980,강정,2022-06-30,88,27,26.3,28
980,강정,2022-07-01,81,25,26.5,29.1
980,강정,2022-07-02,69,21,27.2,28.2
980,강정,2022-07-03,78,17,26.9,28
980,강정,2022-07-04,83,22,26.5,28.3
980,강정,2022-07-05,79,19,27.5,29.8
980,강정,2022-07-06,84,17,28,30.2
980,강정,2022-07-07,88,15,27.5,29.2
980,강정,2022-07-08,84,15,28,30
980,강정,2022-07-09,65,13,27.1,29.7
980,강정,2022-07-10,70,12,27,29.8
980,강정,2022-07-11,88,26,25.3,26.6
980,강정,2022-07-12,87,23,26.6,28
980,강정,2022-07-13,84,22,27.7,28.7
980,강정,2022-07-14,85,20,27.5,28.7
980,강정,2022-07-15,88,20,25.3,27.5
980,강정,2022-07-16,66,27,26.6,28.4
980,강정,2022-07-17,72,22,26.6,28.1
980,강정,2022-07-18,95,26,,27.8
980,강정,2022-07-19,78,28,26.6,29.7
980,강정,2022-07-20,81,23,26.1,29.4
980,강정,2022-07-21,72,21,27,29.9
980,강정,2022-07-22,67,17,26.2,29.1
980,강정,2022-07-23,82,15,26.2,28.6
980,강정,2022-07-24,77,24,27,29.5
980,강정,2022-07-25,77,20,25.6,28.6
980,강정,2022-07-26,76,18,25.6,28.6
980,강정,2022-07-27,78,16,26.9,28.6
980,강정,2022-07-28,75,14,27.9,29.1
980,강정,2022-07-29,69,13,29.4,29.7
980,강정,2022-07-30,88,12,26.7,27.4
980,강정,2022-07-31,97,32,26.4,26.6
980,강정,2022-08-01,94,30,26.9,27.5
980,강정,2022-08-02,92,28,27.7,29
980,강정,2022-08-03,87,28,27.9,30
980,강정,2022-08-04,81,25,28.8,30.9
980,강정,2022-08-05,85,22,28.6,31.1
980,강정,2022-08-06,80,19,28.9,30.9
980,강정,2022-08-07,84,16,28.9,30.5
980,강정,2022-08-08,80,15,28.8,31.1
980,강정,2022-08-09,80,13,28.7,31.1
980,강정,2022-08-10,81,14,28.9,31
980,강정,2022-08-11,85,13,28.6,30.6
980,강정,2022-08-12,80,12,29,30.7
980,강정,2022-08-13,79,11,28.7,30.2
980,강정,2022-08-14,83,11,29,30.8
980,강정,2022-08-15,82,10,29.1,31
980,강정,2022-08-16,90,10,28.2,30
980,강정,2022-08-17,94,26,24.9,25.8
980,강정,2022-08-18,75,24,26.3,27.7
980,강정,2022-08-19,86,22,28.6,29.4
980,강정,2022-08-20,86,21,28.1,29.2
980,강정,2022-08-21,79,20,26.8,29.4
980,강정,2022-08-22,75,18,27,29.3
980,강정,2022-08-23,80,15,28.3,29.7
980,강정,2022-08-24,76,20,27.1,29
980,강정,2022-08-25,63,18,24.5,27.7
980,강정,2022-08-26,74,15,24.2,26.4
980,강정,2022-08-27,68,15,24.4,26.9
980,강정,2022-08-28,65,13,24,25.1
980,강정,2022-08-29,68,12,25.7,30.2
980,강정,2022-08-30,68,12,27.6,31.4
980,강정,2022-08-31,81,11,26.5,31.6
980,강정,2022-09-01,73,11,25,27.5
980,강정,2022-09-02,89,15,23,22
980,강정,2022-09-03,89,23,25.2,25.9
980,강정,2022-09-04,90,25,25.7,25.6
980,강정,2022-09-05,93,29,26.1,25.3
980,강정,2022-09-06,67,28,23.2,26.3
980,강정,2022-09-07,60,26,23.7,28.9
980,강정,2022-09-08,63,23,23.5,29.7
980,강정,2022-09-09,62,21,23.4,27.5
980,강정,2022-09-10,72,19,24.4,27.7
980,강정,2022-09-11,76,17,25.5,27.8
980,강정,2022-09-12,79,16,25.5,26.2
980,강정,2022-09-13,85,16,24.9,25.4
980,강정,2022-09-14,86,26,25.4,26.9
980,강정,2022-09-15,87,24,26,27.1
980,강정,2022-09-16,78,23,27.2,31.2
980,강정,2022-09-17,71,21,26.5,28.1
980,강정,2022-09-18,57,19,29.7,30.2
980,강정,2022-09-19,51,17,27.5,30.6
980,강정,2022-09-20,62,15,21.5,23.6
980,강정,2022-09-21,59,14,20.6,22.4
980,강정,2022-09-22,62,13,21.7,23.5
980,강정,2022-09-23,63,12,21.8,25.1
980,강정,2022-09-24,62,12,19.8,24.6
980,강정,2022-09-25,61,11,21.1,23.6
980,강정,2022-09-26,62,11,21.9,24.9
980,강정,2022-09-27,61,11,21.6,25.2
980,강정,2022-09-28,73,11,21.7,23.1
980,강정,2022-09-29,67,11,21.5,22.5
980,강정,2022-09-30,65,10,20.7,24.5
980,강정,2022-10-01,55,10,20.9,23.6
980,강정,2022-10-02,79,10,22.5,23.1
980,강정,2022-10-03,81,10,,28.8
980,강정,2022-10-04,81,9,24.1,25.6
980,강정,2022-10-05,69,11,20.5,24.3
980,강정,2022-10-07,71,12,16.8,20.2
980,강정,2022-10-08,70,12,17.8,18.4
980,강정,2022-10-09,74,14,18.2,18.6
980,강정,2022-10-10,59,15,15,16.5
980,강정,2022-10-11,57,14,16.1,17.3
980,강정,2022-10-12,50,13,17.4,18.3
980,강정,2022-10-13,55,12,19.6,20.5
980,강정,2022-10-14,65,11,18.2,19.3
980,강정,2022-10-15,60,11,19.3,19.8
980,강정,2022-10-16,70,10,19.8,21.6
980,강정,2022-10-17,54,10,18.2,19.1
980,강정,2022-10-18,48,9,14.5,16.5
980,강정,2022-10-19,54,9,14.2,16.6
980,강정,2022-10-20,55,9,16.1,16.7
980,강정,2022-10-21,69,9,19.5,20.4
980,강정,2022-10-22,72,9,20.7,21.5
