인증번호,소재지,품목,재배면적.제곱미터.,생산계획량.톤.
1005737,충청북도 괴산군,배추,2453,6
1005737,충청북도 괴산군,배추,3337,8
1005737,충청북도 괴산군,배추,2453,15
1005737,충청북도 괴산군,배추,4380,30
1005737,충청북도 괴산군,배추,3337,30
1005737,충청북도 괴산군,배추,6615,10
1005737,충청북도 괴산군,배추,4380,30
1005737,충청북도 괴산군,배추,6615,43
1007083,전라북도 정읍시,배추,1276,0.08
1007083,전라북도 정읍시,배추,6100,0.37
1007083,전라북도 정읍시,배추,1206,0.07
1007083,전라북도 정읍시,배추,1977,0.12
1007083,전라북도 정읍시,배추,1355,0.08
1007083,전라북도 정읍시,배추,1206,8.5
1007083,전라북도 정읍시,배추,1977,13.8
1007083,전라북도 정읍시,배추,1567,11
1007083,전라북도 정읍시,배추,6100,42.7
1007083,전라북도 정읍시,배추,1276,8.9
1007083,전라북도 정읍시,배추,1355,9.5
1007083,전라북도 정읍시,배추,1567,0.09
1007335,경상북도 포항시 북구,배추,2202,23
1007335,경상북도 포항시 북구,배추,2194,23
1007335,경상북도 포항시 북구,배추,2280,24
1009401,경기도 용인시 처인구,배추,2701,9.8
1009401,경기도 용인시 처인구,배추,2479,21.59
1009401,경기도 용인시 처인구,배추,626,5.5
1009401,경기도 용인시 처인구,배추,1880,3
1009401,경기도 용인시 처인구,배추,2701,23.52
1009401,경기도 용인시 처인구,배추,120,0.44
1009401,경기도 용인시 처인구,배추,2479,9
1009401,경기도 용인시 처인구,배추,1522,15.53
1009401,경기도 용인시 처인구,배추,111,0.4
1009401,경기도 용인시 처인구,배추,546,2.32
1009401,경기도 용인시 처인구,배추,1880,17
1009401,경기도 용인시 처인구,배추,355,1.29
1009401,경기도 용인시 처인구,배추,850,1.5
1009401,경기도 용인시 처인구,배추,850,1.5
1009401,경기도 용인시 처인구,배추,850,8
1009401,경기도 용인시 처인구,배추,546,5.57
1009401,경기도 용인시 처인구,배추,3733,38.09
1009401,경기도 용인시 처인구,배추,80,0.82
1009401,경기도 용인시 처인구,배추,3733,15.87
1009401,경기도 용인시 처인구,배추,80,0.34
1009401,경기도 용인시 처인구,배추,1522,6.47
1009401,경기도 용인시 처인구,배추,1123,4.08
1009401,경기도 용인시 처인구,배추,626,1
1009401,경기도 용인시 처인구,배추,1880,3
1009401,경기도 용인시 처인구,배추,626,1
1009401,경기도 용인시 처인구,배추,6096,51
1009401,경기도 용인시 처인구,배추,6096,9
1009401,경기도 용인시 처인구,배추,6096,9
1009401,경기도 용인시 처인구,배추,4945,45
1009401,경기도 용인시 처인구,배추,4945,15
1009401,경기도 용인시 처인구,배추,120,1.05
1009401,경기도 용인시 처인구,배추,355,3.09
1009401,경기도 용인시 처인구,배추,4945,15
1009401,경기도 용인시 처인구,배추,111,0.97
1009401,경기도 용인시 처인구,배추,1123,9.78
1009653,전라남도 진도군,배추,759,6.67
1009653,전라남도 진도군,배추,200,1.76
1009653,전라남도 진도군,배추,580,5.1
1009653,전라남도 진도군,배추,450,3.95
1009653,전라남도 진도군,배추,1326,11.65
1009653,전라남도 진도군,배추,590,5.18
1009653,전라남도 진도군,배추,840,7.38
1009653,전라남도 진도군,배추,1238,10.88
1009653,전라남도 진도군,배추,688,6.05
1009653,전라남도 진도군,배추,571,5.02
1009653,전라남도 진도군,배추,1223,10.75
1009653,전라남도 진도군,배추,658,5.78
1009653,전라남도 진도군,배추,725,6.37
1009653,전라남도 진도군,배추,1130,9.93
1009653,전라남도 진도군,배추,893,7.85
1009653,전라남도 진도군,배추,929,8.16
1009653,전라남도 진도군,배추,240,2.11
1009653,전라남도 진도군,배추,1630,14.32
1009653,전라남도 진도군,배추,140,1.23
1009653,전라남도 진도군,배추,1126,9.9
1009653,전라남도 진도군,배추,734,6.45
1009653,전라남도 진도군,배추,1128,9.91
1009653,전라남도 진도군,배추,1437,12.63
1009653,전라남도 진도군,배추,802,7.05
1009653,전라남도 진도군,배추,1980,17.4
1009653,전라남도 진도군,배추,1377,12.1
1009653,전라남도 진도군,배추,1922,16.89
1009653,전라남도 진도군,배추,1162.2,10.21
1009653,전라남도 진도군,배추,280,2.46
1009653,전라남도 진도군,배추,61,0.54
1009653,전라남도 진도군,배추,150,1.32
1009653,전라남도 진도군,배추,3051,26.81
1009653,전라남도 진도군,배추,177,1.56
1009653,전라남도 진도군,배추,2824,24.82
1009653,전라남도 진도군,배추,960,8.44
1009653,전라남도 진도군,배추,1332,11.71
1009653,전라남도 진도군,배추,1124,9.88
1009653,전라남도 진도군,배추,1428,12.55
1009653,전라남도 진도군,배추,2073,18.22
1009653,전라남도 진도군,배추,995,8.74
1009653,전라남도 진도군,배추,1378,12.11
1009653,전라남도 진도군,배추,508,4.46
1009653,전라남도 진도군,배추,856,7.52
1009653,전라남도 진도군,배추,1095,9.62
1009653,전라남도 진도군,배추,2327,20.45
1009653,전라남도 진도군,배추,1557,13.68
1009653,전라남도 진도군,배추,261,2.29
1009653,전라남도 진도군,배추,1552,13.64
1009653,전라남도 진도군,배추,4393,38.61
1009653,전라남도 진도군,배추,702,6.17
1009653,전라남도 진도군,배추,1230,10.81
1009653,전라남도 진도군,배추,188,1.65
1009653,전라남도 진도군,배추,110,0.97
1009653,전라남도 진도군,배추,1457,12.8
1009653,전라남도 진도군,배추,640,5.62
1009653,전라남도 진도군,배추,1120,9.84
1009653,전라남도 진도군,배추,2200,19.33
1009653,전라남도 진도군,배추,1983,17.43
1009653,전라남도 진도군,배추,1123,9.87
1009653,전라남도 진도군,배추,691,6.07
1009653,전라남도 진도군,배추,708,6.22
1009653,전라남도 진도군,배추,204,1.79
1009653,전라남도 진도군,배추,2354,20.69
1009653,전라남도 진도군,배추,3127.7,27.49
1009653,전라남도 진도군,배추,220,1.93
1009653,전라남도 진도군,배추,1183,10.4
1009653,전라남도 진도군,배추,936,9.55
1009653,전라남도 진도군,배추,426,3.74
1009653,전라남도 진도군,배추,578,5.08
1009653,전라남도 진도군,배추,5064,44.5
1009653,전라남도 진도군,배추,369,3.24
1009653,전라남도 진도군,배추,1607,14.12
1009653,전라남도 진도군,배추,1947,17.11
1009653,전라남도 진도군,배추,1230,10.81
1009653,전라남도 진도군,배추,1959,17.22
1009653,전라남도 진도군,배추,940,8.26
1009653,전라남도 진도군,배추,1943,17.07
1009653,전라남도 진도군,배추,1516,13.32
1009653,전라남도 진도군,배추,156,1.37
1009653,전라남도 진도군,배추,1470,12.92
1009653,전라남도 진도군,배추,1180,10.37
1009653,전라남도 진도군,배추,653,5.74
1009653,전라남도 진도군,배추,1530,13.45
1009653,전라남도 진도군,배추,2622,23.04
1009653,전라남도 진도군,배추,149,1.31
1009653,전라남도 진도군,배추,258,2.27
1009653,전라남도 진도군,배추,168,1.48
1009653,전라남도 진도군,배추,220,1.93
1009653,전라남도 진도군,배추,552,4.85
1009653,전라남도 진도군,배추,1000,8.79
1009653,전라남도 진도군,배추,2000,17.58
1009653,전라남도 진도군,배추,2180,19.16
1009653,전라남도 진도군,배추,820,7.21
1009653,전라남도 진도군,배추,240,2.11
1009653,전라남도 진도군,배추,373,3.28
1009653,전라남도 진도군,배추,1203,10.57
1009653,전라남도 진도군,배추,623,5.47
1009653,전라남도 진도군,배추,1294,11.37
1009653,전라남도 진도군,배추,1698,14.92
1009653,전라남도 진도군,배추,1444,12.69
1009653,전라남도 진도군,배추,1705,14.98
1009653,전라남도 진도군,배추,2000,17.58
1009653,전라남도 진도군,배추,800,7.03
1009653,전라남도 진도군,배추,1950,17.14
1009653,전라남도 진도군,배추,1050,9.23
1009653,전라남도 진도군,배추,3017,26.51
1009653,전라남도 진도군,배추,245,2.15
1009653,전라남도 진도군,배추,700,6.15
1009653,전라남도 진도군,배추,400,3.52
1009653,전라남도 진도군,배추,257,2.26
1010183,경기도 용인시 처인구,배추,1652,5
1010183,경기도 용인시 처인구,배추,1726,4
1010183,경기도 용인시 처인구,배추,341,1
1010183,경기도 용인시 처인구,배추,1868,5
1010183,경기도 용인시 처인구,배추,505,2
1010183,경기도 용인시 처인구,배추,519,4
1010183,경기도 용인시 처인구,배추,225,2
1010183,경기도 용인시 처인구,배추,505,4
1010183,경기도 용인시 처인구,배추,1868,10
1010183,경기도 용인시 처인구,배추,341,2
1010183,경기도 용인시 처인구,배추,1726,10
1010183,경기도 용인시 처인구,배추,1652,8
1010183,경기도 용인시 처인구,배추,519,2
1010183,경기도 용인시 처인구,배추,225,1
1011422,전라남도 해남군,배추,832,2.47
1011422,전라남도 해남군,배추,1452,4.32
1011422,전라남도 해남군,배추,1035,3.07
1011422,전라남도 해남군,배추,1974,5.86
1011422,전라남도 해남군,배추,1231,3.65
1011422,전라남도 해남군,배추,1006,2.99
1011422,전라남도 해남군,배추,2950,8.76
1011422,전라남도 해남군,배추,1396,4.14
1011422,전라남도 해남군,배추,2245,6.67
1011422,전라남도 해남군,배추,483,1.43
1011422,전라남도 해남군,배추,2673,7.94
1011422,전라남도 해남군,배추,2122,6.3
1011422,전라남도 해남군,배추,1538,4.57
1011422,전라남도 해남군,배추,2495,7.41
1011422,전라남도 해남군,배추,1843,5.47
1011422,전라남도 해남군,배추,2457,7.29
1011422,전라남도 해남군,배추,1076,3.19
1011422,전라남도 해남군,배추,1017,3.02
1011422,전라남도 해남군,배추,1994,5.92
1011423,전라남도 해남군,배추,1633,4.85
1011423,전라남도 해남군,배추,1289,3.83
1011423,전라남도 해남군,배추,1129,3.35
1011423,전라남도 해남군,배추,317,0.93
1011423,전라남도 해남군,배추,420,1.25
1011423,전라남도 해남군,배추,772,2.29
1011423,전라남도 해남군,배추,2383,7.08
1011423,전라남도 해남군,배추,843,2.5
1011423,전라남도 해남군,배추,1183,3.51
1011423,전라남도 해남군,배추,1714,5.09
1011423,전라남도 해남군,배추,1475,4.38
1011423,전라남도 해남군,배추,2168,6.44
1011423,전라남도 해남군,배추,1211,3.6
1011424,전라남도 해남군,배추,7643,22.69
1011424,전라남도 해남군,배추,3500,10.38
1011424,전라남도 해남군,배추,2393,7.1
1011424,전라남도 해남군,배추,780,2.32
1011424,전라남도 해남군,배추,595,1.77
1011424,전라남도 해남군,배추,813,2.41
1011424,전라남도 해남군,배추,992,2.95
1011424,전라남도 해남군,배추,2083,6.18
1011424,전라남도 해남군,배추,1362,4.04
1011424,전라남도 해남군,배추,896,2.66
1011425,전라남도 해남군,배추,1260,3.74
1011425,전라남도 해남군,배추,1260,3.74
1011425,전라남도 해남군,배추,1130,3.35
1011425,전라남도 해남군,배추,664,1.97
1011425,전라남도 해남군,배추,1633,4.85
1011425,전라남도 해남군,배추,1825,5.42
1011425,전라남도 해남군,배추,1129,3.35
1011425,전라남도 해남군,배추,1129,3.35
1011425,전라남도 해남군,배추,466,1.38
1011425,전라남도 해남군,배추,2225,6.61
1011425,전라남도 해남군,배추,774,2.3
1011425,전라남도 해남군,배추,1094,3.25
1011425,전라남도 해남군,배추,1101,3.27
1011425,전라남도 해남군,배추,1519,4.51
1011425,전라남도 해남군,배추,493,1.46
1011425,전라남도 해남군,배추,1762,5.23
1011425,전라남도 해남군,배추,1200,3.56
1011425,전라남도 해남군,배추,2268,6.73
1011427,전라남도 해남군,배추,1844,5.47
1011427,전라남도 해남군,배추,1336,3.97
1011427,전라남도 해남군,배추,1884,5.59
1011427,전라남도 해남군,배추,2701,8.02
1011427,전라남도 해남군,배추,1554,4.61
1011427,전라남도 해남군,배추,1051,3.12
1011427,전라남도 해남군,배추,1170,3.47
1011427,전라남도 해남군,배추,1944,5.77
1011427,전라남도 해남군,배추,2043,6.07
1011427,전라남도 해남군,배추,1220,3.62
1011427,전라남도 해남군,배추,774,2.3
1011427,전라남도 해남군,배추,1286,3.82
1011427,전라남도 해남군,배추,1580,4.69
1011427,전라남도 해남군,배추,1501,4.46
1011427,전라남도 해남군,배추,1759,5.22
1011427,전라남도 해남군,배추,2245,6.67
1011427,전라남도 해남군,배추,1848,5.49
1011427,전라남도 해남군,배추,3852,11.44
1011427,전라남도 해남군,배추,804,2.39
1011427,전라남도 해남군,배추,1968,5.84
1011427,전라남도 해남군,배추,983,2.92
1011427,전라남도 해남군,배추,494,1.47
1011427,전라남도 해남군,배추,2466,7.32
1011427,전라남도 해남군,배추,1200,3.56
1011427,전라남도 해남군,배추,1800,5.34
1011427,전라남도 해남군,배추,980,2.91
1011427,전라남도 해남군,배추,2926,8.69
1011427,전라남도 해남군,배추,2839,8.43
1011427,전라남도 해남군,배추,2979,8.84
1011427,전라남도 해남군,배추,2959,8.79
1011427,전라남도 해남군,배추,944,2.8
1011427,전라남도 해남군,배추,1245,3.7
1011427,전라남도 해남군,배추,2275,6.75
1011427,전라남도 해남군,배추,2622,7.78
1011427,전라남도 해남군,배추,3402,10.1
1011427,전라남도 해남군,배추,3660,10.87
1011427,전라남도 해남군,배추,2856,8.48
1011427,전라남도 해남군,배추,2112,6.27
1011427,전라남도 해남군,배추,1417,4.21
1011427,전라남도 해남군,배추,895,2.66
1011427,전라남도 해남군,배추,1444,4.29
1011427,전라남도 해남군,배추,1778,5.28
1011427,전라남도 해남군,배추,1214,3.6
1011427,전라남도 해남군,배추,1388,4.12
1011428,전라남도 해남군,배추,9498,28.05
1011428,전라남도 해남군,배추,1981,5.88
1011428,전라남도 해남군,배추,2092,6.21
1011428,전라남도 해남군,배추,585,1.74
1011428,전라남도 해남군,배추,2738,8.13
1011428,전라남도 해남군,배추,1535,4.55
1011428,전라남도 해남군,배추,2243,6.66
1011428,전라남도 해남군,배추,1138,3.38
1011428,전라남도 해남군,배추,1690,5.02
1011428,전라남도 해남군,배추,992,2.95
1011428,전라남도 해남군,배추,1690,5.03
1014715,전라남도 해남군,배추,1430,1.49
1014715,전라남도 해남군,배추,1759,1.62
1014715,전라남도 해남군,배추,820,0.8
1014715,전라남도 해남군,배추,253,0.37
1014715,전라남도 해남군,배추,1428,1.31
1014715,전라남도 해남군,배추,33599,30.91
1014715,전라남도 해남군,배추,141,0.13
1014715,전라남도 해남군,배추,1111,1.02
1014715,전라남도 해남군,배추,1689,2.05
1014715,전라남도 해남군,배추,1000,1.16
1014715,전라남도 해남군,배추,1243,1.14
1014715,전라남도 해남군,배추,2426,2.23
1014715,전라남도 해남군,배추,1137,1.05
1014715,전라남도 해남군,배추,3536,3.25
1014715,전라남도 해남군,배추,1375,1.27
1014724,전라남도 해남군,배추,303,2.58
1014724,전라남도 해남군,배추,2331,19.81
1014724,전라남도 해남군,배추,1476,12.55
1014724,전라남도 해남군,배추,3739,31.78
1014724,전라남도 해남군,배추,1581,13.44
1014724,전라남도 해남군,배추,800,6.8
1014724,전라남도 해남군,배추,2188,18.6
1014724,전라남도 해남군,배추,3316,28.19
1014724,전라남도 해남군,배추,3025,25.71
1014724,전라남도 해남군,배추,3673,31.22
1014724,전라남도 해남군,배추,2605,22.14
1014724,전라남도 해남군,배추,200,1.7
1014724,전라남도 해남군,배추,1316,11.19
1014724,전라남도 해남군,배추,516,4.39
1014724,전라남도 해남군,배추,1293,10.99
1014724,전라남도 해남군,배추,1342,11.41
1014724,전라남도 해남군,배추,417,3.54
1014724,전라남도 해남군,배추,3329,28.3
1014724,전라남도 해남군,배추,500,4.25
1014724,전라남도 해남군,배추,165,1.4
1014724,전라남도 해남군,배추,325,2.76
1014724,전라남도 해남군,배추,45,0.38
1014724,전라남도 해남군,배추,7715,65.58
1014724,전라남도 해남군,배추,221,1.88
1014724,전라남도 해남군,배추,300,2.55
1014724,전라남도 해남군,배추,1060,9.01
1014724,전라남도 해남군,배추,9000,76.5
1014724,전라남도 해남군,배추,4722,40.14
1014724,전라남도 해남군,배추,2300,19.55
1014724,전라남도 해남군,배추,2096,17.82
1014724,전라남도 해남군,배추,1167,9.92
1014724,전라남도 해남군,배추,3300,28.05
1014724,전라남도 해남군,배추,300,2.55
1014724,전라남도 해남군,배추,1060,9.01
1014724,전라남도 해남군,배추,1325,11.26
1014724,전라남도 해남군,배추,2750,23.38
1014724,전라남도 해남군,배추,1700,14.45
1014724,전라남도 해남군,배추,2317,19.69
1014724,전라남도 해남군,배추,1939,16.48
1014724,전라남도 해남군,배추,495,4.21
1014724,전라남도 해남군,배추,300,2.55
1014724,전라남도 해남군,배추,1640,13.94
1014724,전라남도 해남군,배추,1749,14.87
1014724,전라남도 해남군,배추,2397,20.37
1014724,전라남도 해남군,배추,476,4.05
1014724,전라남도 해남군,배추,397,3.37
1014724,전라남도 해남군,배추,112,0.95
1014724,전라남도 해남군,배추,985,8.37
1014724,전라남도 해남군,배추,4592,39.03
1014724,전라남도 해남군,배추,2255,19.17
1014724,전라남도 해남군,배추,645,5.48
1014724,전라남도 해남군,배추,2500,21.25
1014724,전라남도 해남군,배추,2050,17.43
1014724,전라남도 해남군,배추,5500,46.75
1014724,전라남도 해남군,배추,3500,29.75
1014724,전라남도 해남군,배추,400,3.4
1014724,전라남도 해남군,배추,141,1.2
1014724,전라남도 해남군,배추,1389,11.81
1014724,전라남도 해남군,배추,1438,12.22
1014724,전라남도 해남군,배추,1265,10.75
1014724,전라남도 해남군,배추,2218,18.85
1014724,전라남도 해남군,배추,2750,23.38
1014724,전라남도 해남군,배추,1200,10.2
1014724,전라남도 해남군,배추,1603,13.63
1014724,전라남도 해남군,배추,529,4.5
1014724,전라남도 해남군,배추,476,4.05
1014724,전라남도 해남군,배추,554,4.71
1014724,전라남도 해남군,배추,1560,13.26
1014724,전라남도 해남군,배추,1564,13.29
1014724,전라남도 해남군,배추,2843,24.17
1014724,전라남도 해남군,배추,664,5.64
1014724,전라남도 해남군,배추,102,0.87
1014724,전라남도 해남군,배추,1131,9.61
1014724,전라남도 해남군,배추,9900,84.15
1014724,전라남도 해남군,배추,5127,43.58
1014724,전라남도 해남군,배추,10048,85.41
1014724,전라남도 해남군,배추,1300,11.05
1014724,전라남도 해남군,배추,584,4.96
1014724,전라남도 해남군,배추,985,8.37
1014724,전라남도 해남군,배추,794,6.75
1014724,전라남도 해남군,배추,2969,25.24
1014724,전라남도 해남군,배추,3642,30.96
1014724,전라남도 해남군,배추,1676,14.25
1014724,전라남도 해남군,배추,1999,16.99
1014724,전라남도 해남군,배추,1000,8.5
1014724,전라남도 해남군,배추,3000,25.5
1014724,전라남도 해남군,배추,1265,10.75
1014724,전라남도 해남군,배추,5500,46.75
1014724,전라남도 해남군,배추,2010,17.09
1014724,전라남도 해남군,배추,1458,12.39
1014724,전라남도 해남군,배추,2107,17.91
1014724,전라남도 해남군,배추,529,4.5
1014724,전라남도 해남군,배추,469,3.99
1014724,전라남도 해남군,배추,621,5.28
1014724,전라남도 해남군,배추,734,6.24
1014724,전라남도 해남군,배추,696,5.92
1014724,전라남도 해남군,배추,793,6.74
1014724,전라남도 해남군,배추,1720,14.62
1014724,전라남도 해남군,배추,2000,17
1014724,전라남도 해남군,배추,2334,19.84
1014757,경상북도 영양군,배추,1593,3.3
1014757,경상북도 영양군,배추,873,1.8
1014757,경상북도 영양군,배추,1838,3.8
1014757,경상북도 영양군,배추,1395,2.9
1014757,경상북도 영양군,배추,651,1.3
1014757,경상북도 영양군,배추,28,0.1
1014757,경상북도 영양군,배추,2990,6.1
1014757,경상북도 영양군,배추,2284,4.7
1014757,경상북도 영양군,배추,3362,6.9
1014757,경상북도 영양군,배추,2158,4.4
1014757,경상북도 영양군,배추,1506,3.1
1014757,경상북도 영양군,배추,1008,2.1
1014757,경상북도 영양군,배추,1342,2.8
1014757,경상북도 영양군,배추,3505,7.2
1014757,경상북도 영양군,배추,6089,12.5
1014757,경상북도 영양군,배추,1696,3.5
1015118,충청북도 충주시,배추,1585,22.2
1015118,충청북도 충주시,배추,882,12.3
1015118,충청북도 충주시,배추,1290,18.1
1015118,충청북도 충주시,배추,3453,48.3
1015118,충청북도 충주시,배추,18182,254.5
1015118,충청북도 충주시,배추,1485,20.8
1015118,충청북도 충주시,배추,874,12.2
1015118,충청북도 충주시,배추,614,8.6
1015118,충청북도 충주시,배추,6605,92.5
1015118,충청북도 충주시,배추,1560,21.8
1015118,충청북도 충주시,배추,1002,14
1015118,충청북도 충주시,배추,2547,35.7
1015118,충청북도 충주시,배추,1099,15.4
1015118,충청북도 충주시,배추,2197,30.8
1015118,충청북도 충주시,배추,3150,44.1
1015118,충청북도 충주시,배추,2958,41.4
1015118,충청북도 충주시,배추,856,12
1015118,충청북도 충주시,배추,4387,61.4
1015118,충청북도 충주시,배추,182,2.5
1015118,충청북도 충주시,배추,962,13.5
1015118,충청북도 충주시,배추,1369,19.2
1015118,충청북도 충주시,배추,1078,15.1
1015118,충청북도 충주시,배추,2645,37
1015118,충청북도 충주시,배추,1276,17.9
1015118,충청북도 충주시,배추,1421,19.9
1015118,충청북도 충주시,배추,1202,16.8
1015118,충청북도 충주시,배추,1182,16.5
1015118,충청북도 충주시,배추,243,3.4
1015118,충청북도 충주시,배추,578,8.1
1015118,충청북도 충주시,배추,1663,23.3
1015118,충청북도 충주시,배추,1279,17.9
1015118,충청북도 충주시,배추,744,10.4
1015118,충청북도 충주시,배추,433,6.1
1015118,충청북도 충주시,배추,1343,18.8
1015118,충청북도 충주시,배추,837,11.7
1015118,충청북도 충주시,배추,1418,19.9
1015118,충청북도 충주시,배추,1187,16.6
1015118,충청북도 충주시,배추,2195,30.7
1015118,충청북도 충주시,배추,1041,14.6
1015118,충청북도 충주시,배추,989,13.8
1015118,충청북도 충주시,배추,1919,26.9
1015118,충청북도 충주시,배추,1923,26.9
1015118,충청북도 충주시,배추,2912,40.8
1015118,충청북도 충주시,배추,3196,44.7
1015118,충청북도 충주시,배추,2618,36.7
1015118,충청북도 충주시,배추,2721,38.1
1015118,충청북도 충주시,배추,5098,71.4
1015118,충청북도 충주시,배추,1623,22.7
1015118,충청북도 충주시,배추,1101,15.4
1015118,충청북도 충주시,배추,2099,29.4
1015118,충청북도 충주시,배추,1320,18.5
1015118,충청북도 충주시,배추,2622,36.7
1015118,충청북도 충주시,배추,701,9.8
1015118,충청북도 충주시,배추,1737,24.3
1015118,충청북도 충주시,배추,1130,15.8
1015118,충청북도 충주시,배추,2158,30.2
1015118,충청북도 충주시,배추,1417,19.8
1015118,충청북도 충주시,배추,692,9.7
1015118,충청북도 충주시,배추,1371,19.2
1015118,충청북도 충주시,배추,2152,30.1
1015118,충청북도 충주시,배추,2152,30.1
1015118,충청북도 충주시,배추,1963,27.5
1015118,충청북도 충주시,배추,2922,40.9
1015118,충청북도 충주시,배추,1522,21.3
1015118,충청북도 충주시,배추,875,12.3
1015118,충청북도 충주시,배추,320,4.5
1015118,충청북도 충주시,배추,1130,15.8
1015118,충청북도 충주시,배추,1416,19.8
1015118,충청북도 충주시,배추,1346,18.8
1015118,충청북도 충주시,배추,1341,18.8
1015118,충청북도 충주시,배추,1871,26.2
1015118,충청북도 충주시,배추,4064,56.9
1015118,충청북도 충주시,배추,1849,25.9
1015118,충청북도 충주시,배추,1523,21.3
1015118,충청북도 충주시,배추,863,12.1
1015118,충청북도 충주시,배추,833,11.7
1015118,충청북도 충주시,배추,1643,23
1015118,충청북도 충주시,배추,662,9.3
1015118,충청북도 충주시,배추,1332,18.6
1015118,충청북도 충주시,배추,1585,22.2
1015118,충청북도 충주시,배추,1341,18.8
1015118,충청북도 충주시,배추,1346,18.8
1015118,충청북도 충주시,배추,1523,21.3
1015118,충청북도 충주시,배추,863,12.1
1015118,충청북도 충주시,배추,833,11.7
1015118,충청북도 충주시,배추,1643,23
1015118,충청북도 충주시,배추,662,9.3
1015118,충청북도 충주시,배추,1332,18.6
1015118,충청북도 충주시,배추,942,13.2
1015118,충청북도 충주시,배추,7969,111.6
1015118,충청북도 충주시,배추,1130,15.8
1015118,충청북도 충주시,배추,1762,24.7
1015118,충청북도 충주시,배추,2959,41.4
1015118,충청북도 충주시,배추,4919,68.9
1015118,충청북도 충주시,배추,2906,40.7
1015118,충청북도 충주시,배추,1798,25.2
1015118,충청북도 충주시,배추,2906,40.7
1015118,충청북도 충주시,배추,3330,46.6
1015118,충청북도 충주시,배추,1798,25.2
1015118,충청북도 충주시,배추,1762,24.7
1015118,충청북도 충주시,배추,7969,111.6
1015118,충청북도 충주시,배추,2959,41.4
1015118,충청북도 충주시,배추,387,5.4
1015118,충청북도 충주시,배추,4919,68.9
1015118,충청북도 충주시,배추,2742,38.4
1015118,충청북도 충주시,배추,1697,23.8
1015118,충청북도 충주시,배추,1088,15.2
1015118,충청북도 충주시,배추,1014,14.2
1015118,충청북도 충주시,배추,2339,32.7
1015118,충청북도 충주시,배추,212,3
1015118,충청북도 충주시,배추,2396,33.5
1015118,충청북도 충주시,배추,3486,48.8
1015118,충청북도 충주시,배추,942,13.2
1015644,전라남도 해남군,배추,500,5.64
1015644,전라남도 해남군,배추,1402,15.82
1015644,전라남도 해남군,배추,1230,13.88
1015644,전라남도 해남군,배추,1040,11.74
1015658,전라남도 해남군,배추,2317,26.15
1015658,전라남도 해남군,배추,384,4.33
1015658,전라남도 해남군,배추,955,10.78
1015658,전라남도 해남군,배추,1401,15.81
1015659,전라남도 해남군,배추,1266,14.29
1015659,전라남도 해남군,배추,1762,19.89
1015659,전라남도 해남군,배추,1593,17.98
1015659,전라남도 해남군,배추,2929,33.06
1015659,전라남도 해남군,배추,1372,15.48
1015659,전라남도 해남군,배추,1205,13.6
1015659,전라남도 해남군,배추,1183,13.35
1015659,전라남도 해남군,배추,1355,15.29
1015659,전라남도 해남군,배추,2979,33.62
1015660,전라남도 해남군,배추,433,4.89
1015660,전라남도 해남군,배추,2155,24.32
1015660,전라남도 해남군,배추,7359,83.05
1015660,전라남도 해남군,배추,2110,23.81
1015660,전라남도 해남군,배추,2644,29.84
1015660,전라남도 해남군,배추,1540,17.38
1015660,전라남도 해남군,배추,1408,15.89
1015660,전라남도 해남군,배추,10783,121.7
1015660,전라남도 해남군,배추,1669,18.84
1015660,전라남도 해남군,배추,971,10.96
1015660,전라남도 해남군,배추,1365,15.41
1015660,전라남도 해남군,배추,1268,14.31
1015660,전라남도 해남군,배추,1719,19.4
1015660,전라남도 해남군,배추,3051,34.43
1015660,전라남도 해남군,배추,1226,13.84
1015660,전라남도 해남군,배추,3312,37.38
1015660,전라남도 해남군,배추,700,7.9
1015661,전라남도 해남군,배추,1965,22.18
1015661,전라남도 해남군,배추,3938,44.44
1015662,전라남도 해남군,배추,2975,33.58
1015662,전라남도 해남군,배추,1217,13.74
1015662,전라남도 해남군,배추,802,9.05
1015662,전라남도 해남군,배추,482,5.44
1015662,전라남도 해남군,배추,2145,24.21
1015662,전라남도 해남군,배추,2097,23.67
1015662,전라남도 해남군,배추,1793,20.24
1015728,전라남도 해남군,배추,879,9.84
1015728,전라남도 해남군,배추,750,8.4
1015728,전라남도 해남군,배추,648,7.25
1015728,전라남도 해남군,배추,869,9.73
1015728,전라남도 해남군,배추,588,6.58
1015728,전라남도 해남군,배추,1051,11.77
1015728,전라남도 해남군,배추,1339,14.99
1015728,전라남도 해남군,배추,843,9.44
1015728,전라남도 해남군,배추,1339,1.1
1015728,전라남도 해남군,배추,682,0.67
1015728,전라남도 해남군,배추,869,1.47
1015728,전라남도 해남군,배추,588,1.12
1015728,전라남도 해남군,배추,1051,1.89
1015728,전라남도 해남군,배추,843,0.79
1015728,전라남도 해남군,배추,682,7.63
1015729,전라남도 해남군,배추,3203,35.87
1015730,전라남도 해남군,배추,192,2.93
1015730,전라남도 해남군,배추,1600,17.92
1015730,전라남도 해남군,배추,926,10.37
1015730,전라남도 해남군,배추,1232,13.79
1015731,전라남도 해남군,배추,2000,13.51
1015731,전라남도 해남군,배추,700,7.84
1015731,전라남도 해남군,배추,950,5.25
1015731,전라남도 해남군,배추,655,7.33
1015731,전라남도 해남군,배추,950,3.75
1015731,전라남도 해남군,배추,2000,2.61
1015731,전라남도 해남군,배추,950,1.17
1015731,전라남도 해남군,배추,954,10.68
1015731,전라남도 해남군,배추,815,9.85
1015731,전라남도 해남군,배추,350,3.92
1015732,전라남도 해남군,배추,1260,11.41
1015732,전라남도 해남군,배추,1118,11.52
1015732,전라남도 해남군,배추,1093,11.6
1015732,전라남도 해남군,배추,1088,10.49
1015732,전라남도 해남군,배추,1108,11
1015732,전라남도 해남군,배추,1005,10.5
1015732,전라남도 해남군,배추,884,9.11
1015732,전라남도 해남군,배추,1094,11.6
1015732,전라남도 해남군,배추,1190,11.6
1015733,전라남도 해남군,배추,2775,31.32
1015733,전라남도 해남군,배추,955,10.78
1015733,전라남도 해남군,배추,1839,20.75
1015733,전라남도 해남군,배추,771,8.7
1015733,전라남도 해남군,배추,629,7.1
1015733,전라남도 해남군,배추,579,6.53
1015733,전라남도 해남군,배추,1030,11.62
1015733,전라남도 해남군,배추,992,11.2
1015734,전라남도 해남군,배추,798,9.01
1015734,전라남도 해남군,배추,1810,20.43
1015734,전라남도 해남군,배추,480,5.42
1015734,전라남도 해남군,배추,2045,23.08
1015734,전라남도 해남군,배추,119,1.34
1015734,전라남도 해남군,배추,354,4
1015734,전라남도 해남군,배추,1752,19.77
1015734,전라남도 해남군,배추,672,7.58
1015734,전라남도 해남군,배추,2350,26.52
1015734,전라남도 해남군,배추,945,10.67
1015734,전라남도 해남군,배추,2990,33.75
1015734,전라남도 해남군,배추,1104,12.46
1015734,전라남도 해남군,배추,1477,16.67
1015735,전라남도 해남군,배추,1428,16.11
1015735,전라남도 해남군,배추,1567,17.68
1015735,전라남도 해남군,배추,1089,12.28
1015735,전라남도 해남군,배추,1534,17.3
1015735,전라남도 해남군,배추,1478,16.67
1015735,전라남도 해남군,배추,380,4.29
1015735,전라남도 해남군,배추,674,7.6
1015735,전라남도 해남군,배추,1091,12.31
1015735,전라남도 해남군,배추,850,9.59
1015735,전라남도 해남군,배추,2476,27.93
1015735,전라남도 해남군,배추,3552,40.07
1015735,전라남도 해남군,배추,5366,60.53
1015735,전라남도 해남군,배추,746,8.41
1015735,전라남도 해남군,배추,2288,25.81
1015736,전라남도 해남군,배추,3500,39.5
1015736,전라남도 해남군,배추,7760,87.58
1015736,전라남도 해남군,배추,78,0.88
1015736,전라남도 해남군,배추,1728,19.5
1015736,전라남도 해남군,배추,1677,18.93
1015736,전라남도 해남군,배추,3306,37.31
1015736,전라남도 해남군,배추,659,7.44
1015736,전라남도 해남군,배추,610,6.88
1015736,전라남도 해남군,배추,737,8.32
1015736,전라남도 해남군,배추,1993,22.49
1015737,전라남도 해남군,배추,1539,17.36
1015737,전라남도 해남군,배추,560,6.32
1015737,전라남도 해남군,배추,2000,22.56
1015748,전라남도 해남군,배추,731,8.25
1015748,전라남도 해남군,배추,3085,34.82
1015748,전라남도 해남군,배추,1203,13.58
1015748,전라남도 해남군,배추,1848,20.86
1015748,전라남도 해남군,배추,1650,18.62
1015748,전라남도 해남군,배추,2500,28.22
1015748,전라남도 해남군,배추,2813,31.75
1015748,전라남도 해남군,배추,2910,32.84
1015748,전라남도 해남군,배추,2956,33.36
1015748,전라남도 해남군,배추,1574,17.76
1015748,전라남도 해남군,배추,1382,15.6
1015748,전라남도 해남군,배추,2897,32.7
1015749,전라남도 해남군,배추,8925,100.73
1015756,전라남도 해남군,배추,1622,18.3
1015757,전라남도 해남군,배추,3263,36.83
1015757,전라남도 해남군,배추,19103,215.6
1015757,전라남도 해남군,배추,1178,13.29
1015757,전라남도 해남군,배추,1640,18.51
1015757,전라남도 해남군,배추,2748,31.01
1015758,전라남도 해남군,배추,1411,15.92
1015758,전라남도 해남군,배추,1990,22.46
1015758,전라남도 해남군,배추,1759,19.85
1015758,전라남도 해남군,배추,1342,15.15
1015758,전라남도 해남군,배추,1116,12.6
1015758,전라남도 해남군,배추,860,9.71
1015758,전라남도 해남군,배추,913,10.3
1015758,전라남도 해남군,배추,600,6.77
1015758,전라남도 해남군,배추,1632,18.42
1015849,전라북도 부안군,배추,660,7.45
1015849,전라북도 부안군,배추,74,0.71
1015849,전라북도 부안군,배추,236,2.25
1015849,전라북도 부안군,배추,1572,15
1015849,전라북도 부안군,배추,420,4.01
1015849,전라북도 부안군,배추,4337,41.38
1015849,전라북도 부안군,배추,2440,27.54
1015849,전라북도 부안군,배추,13100,147.85
1015849,전라북도 부안군,배추,1663,18.77
1015849,전라북도 부안군,배추,1400,15.8
1015849,전라북도 부안군,배추,850,9.59
1015849,전라북도 부안군,배추,446,5.03
1015849,전라북도 부안군,배추,245,2.77
1015849,전라북도 부안군,배추,1200,13.54
1015849,전라북도 부안군,배추,344,3.28
1015849,전라북도 부안군,배추,998,11.26
1015849,전라북도 부안군,배추,1283,14.48
1015849,전라북도 부안군,배추,245,2.77
1015849,전라북도 부안군,배추,1306,14.74
1015849,전라북도 부안군,배추,787,8.88
1015849,전라북도 부안군,배추,310,2.96
1015849,전라북도 부안군,배추,1120,10.69
1015849,전라북도 부안군,배추,1000,9.54
1015849,전라북도 부안군,배추,4126,39.37
1015849,전라북도 부안군,배추,600,5.73
1015849,전라북도 부안군,배추,1686,16.09
1015849,전라북도 부안군,배추,230,2.6
1015849,전라북도 부안군,배추,555,6.26
1015849,전라북도 부안군,배추,655,7.39
1015849,전라북도 부안군,배추,820,7.82
1015849,전라북도 부안군,배추,670,6.39
1015849,전라북도 부안군,배추,580,5.53
1015849,전라북도 부안군,배추,3076,29.35
1015849,전라북도 부안군,배추,99,0.94
1015849,전라북도 부안군,배추,4291,40.94
1015849,전라북도 부안군,배추,9210,87.88
1015849,전라북도 부안군,배추,5100,48.66
1015849,전라북도 부안군,배추,1769,16.88
1015849,전라북도 부안군,배추,744,7.1
1015849,전라북도 부안군,배추,790,7.54
1015849,전라북도 부안군,배추,1100,10.5
1015849,전라북도 부안군,배추,690,6.58
1015849,전라북도 부안군,배추,466,4.45
1015849,전라북도 부안군,배추,1960,18.7
1015849,전라북도 부안군,배추,545,5.2
1015849,전라북도 부안군,배추,830,7.92
1015849,전라북도 부안군,배추,820,7.82
1015849,전라북도 부안군,배추,299,2.85
1015849,전라북도 부안군,배추,221,2.11
1015849,전라북도 부안군,배추,5083,57.37
1015849,전라북도 부안군,배추,2139,24.14
1015849,전라북도 부안군,배추,4379,41.78
1015849,전라북도 부안군,배추,7754,73.99
1015849,전라북도 부안군,배추,4361,41.61
1015849,전라북도 부안군,배추,20500,195.61
1015849,전라북도 부안군,배추,31000,295.8
1015849,전라북도 부안군,배추,4100,39.12
1015849,전라북도 부안군,배추,5150,49.14
1015849,전라북도 부안군,배추,2608,24.89
1015849,전라북도 부안군,배추,4344,41.45
1015849,전라북도 부안군,배추,3175,30.3
1015849,전라북도 부안군,배추,109,1.04
1015849,전라북도 부안군,배추,1350,12.88
1015849,전라북도 부안군,배추,5900,56.3
1015849,전라북도 부안군,배추,350,3.34
1015849,전라북도 부안군,배추,361,3.44
1015849,전라북도 부안군,배추,539,5.14
1015849,전라북도 부안군,배추,78,0.74
1015849,전라북도 부안군,배추,236,2.25
1015849,전라북도 부안군,배추,868,8.28
1015849,전라북도 부안군,배추,863,8.23
1015849,전라북도 부안군,배추,846,8.07
1015849,전라북도 부안군,배추,825,7.87
1015849,전라북도 부안군,배추,4653,44.4
1015849,전라북도 부안군,배추,2320,22.14
1015849,전라북도 부안군,배추,901,8.6
1015849,전라북도 부안군,배추,930,8.87
1015849,전라북도 부안군,배추,953,9.09
1015849,전라북도 부안군,배추,900,8.59
1015849,전라북도 부안군,배추,1250,11.93
1015849,전라북도 부안군,배추,154,1.47
1015849,전라북도 부안군,배추,317,3.02
1015849,전라북도 부안군,배추,193,1.84
1015849,전라북도 부안군,배추,13800,131.68
1015849,전라북도 부안군,배추,6719,64.11
1015849,전라북도 부안군,배추,728,6.95
1015849,전라북도 부안군,배추,80,0.76
1015849,전라북도 부안군,배추,230,2.19
1015849,전라북도 부안군,배추,4030,38.45
1015849,전라북도 부안군,배추,2149,20.51
1015849,전라북도 부안군,배추,13000,124.05
1015849,전라북도 부안군,배추,6200,59.16
1015849,전라북도 부안군,배추,13000,124.05
1015849,전라북도 부안군,배추,23,0.22
1015849,전라북도 부안군,배추,110,1.05
1015849,전라북도 부안군,배추,2000,19.08
1015849,전라북도 부안군,배추,4632,44.2
1015849,전라북도 부안군,배추,989,9.44
1015849,전라북도 부안군,배추,1062,10.13
1015849,전라북도 부안군,배추,1200,11.45
1015849,전라북도 부안군,배추,1108,10.57
1015849,전라북도 부안군,배추,839,8.01
1015849,전라북도 부안군,배추,869,8.29
1015849,전라북도 부안군,배추,255,2.43
1015849,전라북도 부안군,배추,635,6.06
1015849,전라북도 부안군,배추,605,5.77
1015849,전라북도 부안군,배추,775,7.4
1015849,전라북도 부안군,배추,1233,11.77
1015849,전라북도 부안군,배추,740,7.06
1015849,전라북도 부안군,배추,985,9.4
1015849,전라북도 부안군,배추,1330,12.69
1015849,전라북도 부안군,배추,1060,10.11
1015849,전라북도 부안군,배추,125,1.19
1015849,전라북도 부안군,배추,500,4.77
1015849,전라북도 부안군,배추,890,8.49
1015849,전라북도 부안군,배추,1460,13.93
1015849,전라북도 부안군,배추,1275,12.17
1015849,전라북도 부안군,배추,310,2.96
1015849,전라북도 부안군,배추,215,2.05
1015849,전라북도 부안군,배추,1800,17.18
1015849,전라북도 부안군,배추,7400,70.61
1015849,전라북도 부안군,배추,835,7.97
1015849,전라북도 부안군,배추,99,0.94
1015849,전라북도 부안군,배추,4189,47.28
1015849,전라북도 부안군,배추,20,0.23
1015849,전라북도 부안군,배추,7000,79
1015849,전라북도 부안군,배추,4300,48.53
1015849,전라북도 부안군,배추,450,5.08
1015849,전라북도 부안군,배추,3059,34.52
1015849,전라북도 부안군,배추,407,4.59
1015849,전라북도 부안군,배추,1337,15.09
1015849,전라북도 부안군,배추,545,6.15
1015849,전라북도 부안군,배추,479,5.41
1015849,전라북도 부안군,배추,200,2.26
1015849,전라북도 부안군,배추,1601,18.07
1015849,전라북도 부안군,배추,24000,270.86
1015849,전라북도 부안군,배추,900,10.16
1015849,전라북도 부안군,배추,200,2.26
1015849,전라북도 부안군,배추,5346,60.33
1015849,전라북도 부안군,배추,170,1.92
1015849,전라북도 부안군,배추,250,2.82
1015849,전라북도 부안군,배추,165,1.86
1015849,전라북도 부안군,배추,6600,74.49
1015849,전라북도 부안군,배추,2508,28.31
1015849,전라북도 부안군,배추,238,2.69
1015849,전라북도 부안군,배추,1146,12.93
1015849,전라북도 부안군,배추,280,3.16
1015849,전라북도 부안군,배추,244,2.33
1015849,전라북도 부안군,배추,9588,91.49
1015849,전라북도 부안군,배추,70,0.79
1015849,전라북도 부안군,배추,420,4.74
1015849,전라북도 부안군,배추,8747,83.46
1015849,전라북도 부안군,배추,99,0.94
1015849,전라북도 부안군,배추,99,0.94
1015849,전라북도 부안군,배추,5030,48
1015849,전라북도 부안군,배추,3615,34.49
1015849,전라북도 부안군,배추,530,5.06
1015849,전라북도 부안군,배추,1474,14.06
1015849,전라북도 부안군,배추,1282,12.23
1015849,전라북도 부안군,배추,99,0.94
1015849,전라북도 부안군,배추,99,0.94
1015849,전라북도 부안군,배추,99,0.94
1015849,전라북도 부안군,배추,99,0.94
1015849,전라북도 부안군,배추,571,5.45
1015849,전라북도 부안군,배추,239,2.28
1015849,전라북도 부안군,배추,279,2.66
1015849,전라북도 부안군,배추,707,6.75
1015849,전라북도 부안군,배추,45,0.43
1015849,전라북도 부안군,배추,730,6.97
1015849,전라북도 부안군,배추,230,2.19
1015849,전라북도 부안군,배추,1500,14.31
1015849,전라북도 부안군,배추,12000,114.5
1015849,전라북도 부안군,배추,472,4.5
1015849,전라북도 부안군,배추,480,4.58
1015849,전라북도 부안군,배추,880,8.4
1015849,전라북도 부안군,배추,2700,25.76
1015849,전라북도 부안군,배추,291,2.78
1015849,전라북도 부안군,배추,1172,11.18
1015849,전라북도 부안군,배추,3458,33
1015849,전라북도 부안군,배추,18351,175.11
1015849,전라북도 부안군,배추,4950,47.23
1015849,전라북도 부안군,배추,1588,17.92
1015849,전라북도 부안군,배추,248,2.37
1015849,전라북도 부안군,배추,232,2.21
1015849,전라북도 부안군,배추,46,0.44
1015849,전라북도 부안군,배추,43,0.41
1015849,전라북도 부안군,배추,200,1.91
1015849,전라북도 부안군,배추,2624,25.04
1015849,전라북도 부안군,배추,1009,9.63
1015849,전라북도 부안군,배추,2823,26.94
1015849,전라북도 부안군,배추,1530,14.6
1015849,전라북도 부안군,배추,4250,40.55
1015849,전라북도 부안군,배추,66,0.63
1015849,전라북도 부안군,배추,69,0.66
1015849,전라북도 부안군,배추,520,4.96
1015849,전라북도 부안군,배추,50,0.48
1015849,전라북도 부안군,배추,1307,14.75
1015849,전라북도 부안군,배추,2582,29.14
1015849,전라북도 부안군,배추,2300,25.96
1015849,전라북도 부안군,배추,2100,23.7
1015849,전라북도 부안군,배추,1540,17.38
1015849,전라북도 부안군,배추,811,9.15
1015849,전라북도 부안군,배추,53,0.51
1015849,전라북도 부안군,배추,694,6.62
1015849,전라북도 부안군,배추,20,0.19
1015849,전라북도 부안군,배추,21540,205.53
1015849,전라북도 부안군,배추,770,7.35
1015849,전라북도 부안군,배추,22062,210.52
1015849,전라북도 부안군,배추,681,6.5
1015849,전라북도 부안군,배추,1570,14.98
1015849,전라북도 부안군,배추,750,7.16
1015849,전라북도 부안군,배추,500,4.77
1015849,전라북도 부안군,배추,506,4.83
1015849,전라북도 부안군,배추,661,6.31
1015849,전라북도 부안군,배추,592,5.65
1015849,전라북도 부안군,배추,490,4.68
1015849,전라북도 부안군,배추,710,6.77
1015849,전라북도 부안군,배추,1100,10.5
1015849,전라북도 부안군,배추,1120,10.69
1015849,전라북도 부안군,배추,240,2.29
1015849,전라북도 부안군,배추,550,5.25
1015849,전라북도 부안군,배추,1300,12.4
1015849,전라북도 부안군,배추,800,7.63
1015849,전라북도 부안군,배추,495,4.72
1015849,전라북도 부안군,배추,485,4.63
1015849,전라북도 부안군,배추,1441,13.75
1015849,전라북도 부안군,배추,650,6.2
1015849,전라북도 부안군,배추,500,4.77
1015849,전라북도 부안군,배추,552,5.27
1015849,전라북도 부안군,배추,903,8.62
1015849,전라북도 부안군,배추,1862,17.77
1015849,전라북도 부안군,배추,270,2.58
1015849,전라북도 부안군,배추,540,5.15
1015849,전라북도 부안군,배추,220,2.1
1015849,전라북도 부안군,배추,600,5.73
1015849,전라북도 부안군,배추,1460,13.93
1015849,전라북도 부안군,배추,1070,10.21
1015849,전라북도 부안군,배추,320,3.05
1015849,전라북도 부안군,배추,1350,12.88
1015849,전라북도 부안군,배추,691,6.59
1015849,전라북도 부안군,배추,909,8.67
1015849,전라북도 부안군,배추,250,2.38
1015849,전라북도 부안군,배추,3110,29.66
1015849,전라북도 부안군,배추,650,6.2
1015849,전라북도 부안군,배추,800,7.63
1015849,전라북도 부안군,배추,4582,43.72
1015849,전라북도 부안군,배추,270,2.58
1015849,전라북도 부안군,배추,340,3.24
1015849,전라북도 부안군,배추,69,0.66
1015849,전라북도 부안군,배추,6586,62.84
1015849,전라북도 부안군,배추,3029,28.9
1015849,전라북도 부안군,배추,1933,18.44
1015849,전라북도 부안군,배추,625,5.96
1015849,전라북도 부안군,배추,530,5.06
1015849,전라북도 부안군,배추,1200,11.45
1015849,전라북도 부안군,배추,275,2.62
1015849,전라북도 부안군,배추,281,2.68
1015849,전라북도 부안군,배추,410,3.91
1015849,전라북도 부안군,배추,11000,104.96
1015849,전라북도 부안군,배추,16844,160.73
1015849,전라북도 부안군,배추,955,9.11
1015849,전라북도 부안군,배추,1582,15.1
1015849,전라북도 부안군,배추,1729,16.5
1015849,전라북도 부안군,배추,426,4.06
1015849,전라북도 부안군,배추,1131,10.79
1015849,전라북도 부안군,배추,800,7.63
1015849,전라북도 부안군,배추,600,5.73
1015953,전라남도 강진군,배추,3453,19
1015954,전라남도 강진군,배추,2040,11
1015955,전라남도 강진군,배추,1312,8
1015955,전라남도 강진군,배추,912,5
1015955,전라남도 강진군,배추,1286,7
1015956,전라남도 강진군,배추,3177,18
1015957,전라남도 강진군,배추,2274,13
1015958,전라남도 강진군,배추,1190,7
1015959,전라남도 강진군,배추,11246,61
1015960,전라남도 강진군,배추,500,3
1015961,전라남도 강진군,배추,300,2
1015962,전라남도 강진군,배추,300,2
1015963,전라남도 강진군,배추,268,2
1015964,전라남도 강진군,배추,992,5
1015964,전라남도 강진군,배추,466,2
1016031,전라남도 강진군,배추,2893,1
1016031,전라남도 강진군,배추,8231,1.5
1016031,전라남도 강진군,배추,716,0.8
1016031,전라남도 강진군,배추,363,0.2
1016032,전라남도 강진군,배추,3021,16
1016033,전라남도 강진군,배추,4704,26
1016034,전라남도 강진군,배추,1395,8
1016034,전라남도 강진군,배추,4350,24
1016035,전라남도 강진군,배추,1233,6
1016035,전라남도 강진군,배추,3269,18
1016036,전라남도 강진군,배추,1365,6.5
1016036,전라남도 강진군,배추,1043,5.5
1016037,전라남도 강진군,배추,133,0.5
1016037,전라남도 강진군,배추,1778,8.5
1016037,전라남도 강진군,배추,4590,12
1016038,전라남도 강진군,배추,3967,22
1016039,전라남도 강진군,배추,3170,18
1016039,전라남도 강진군,배추,797,4
1016040,전라남도 강진군,배추,2229,12
1016041,전라남도 강진군,배추,866,4
1016041,전라남도 강진군,배추,1150,6
1016042,전라남도 강진군,배추,1711,9
1016042,전라남도 강진군,배추,1670,8
1016042,전라남도 강진군,배추,1333,7
1016042,전라남도 강진군,배추,1532,8
1016047,전라남도 강진군,배추,1058,6
1016047,전라남도 강진군,배추,1448,8
1016048,경상북도 영덕군,배추,908,10.25
1016048,경상북도 영덕군,배추,2925,33.01
1016048,경상북도 영덕군,배추,1111,12.54
1016048,경상북도 영덕군,배추,205,2.31
1016048,경상북도 영덕군,배추,932,10.52
1016048,경상북도 영덕군,배추,800,9.03
1016048,경상북도 영덕군,배추,2324,26.23
1016048,경상북도 영덕군,배추,1276,14.4
1016048,경상북도 영덕군,배추,740,8.35
1016048,경상북도 영덕군,배추,436,4.92
1016048,경상북도 영덕군,배추,641,7.23
1016048,경상북도 영덕군,배추,750,8.46
1016048,경상북도 영덕군,배추,2774,31.31
1016048,경상북도 영덕군,배추,1088,12.28
1016048,경상북도 영덕군,배추,1800,20.31
1016048,경상북도 영덕군,배추,600,6.77
1016048,경상북도 영덕군,배추,1805,20.37
1016048,경상북도 영덕군,배추,618,6.97
1016048,경상북도 영덕군,배추,1780,20.09
1016048,경상북도 영덕군,배추,997,11.25
1016048,경상북도 영덕군,배추,4474,50.49
1016048,경상북도 영덕군,배추,4433,50.03
1016048,경상북도 영덕군,배추,1108,12.5
1016048,경상북도 영덕군,배추,3474,39.21
1016048,경상북도 영덕군,배추,2817,31.79
1016048,경상북도 영덕군,배추,2985,33.69
1016048,경상북도 영덕군,배추,1580,17.83
1016048,경상북도 영덕군,배추,1039,11.73
1016048,경상북도 영덕군,배추,2606,29.41
1016048,경상북도 영덕군,배추,10644,120.13
1016048,경상북도 영덕군,배추,3815,43.06
1016048,경상북도 영덕군,배추,5631,63.55
1016048,경상북도 영덕군,배추,1863,21.03
1016048,경상북도 영덕군,배추,1309,14.77
1016048,경상북도 영덕군,배추,612,6.91
1016048,경상북도 영덕군,배추,471,5.32
1016048,경상북도 영덕군,배추,2688,30.34
1016048,경상북도 영덕군,배추,1024,11.56
1016048,경상북도 영덕군,배추,1091,12.31
1016048,경상북도 영덕군,배추,790,8.92
1016048,경상북도 영덕군,배추,1190,13.43
1016048,경상북도 영덕군,배추,988,11.15
1016048,경상북도 영덕군,배추,1634,18.44
1016048,경상북도 영덕군,배추,3088,34.85
1016048,경상북도 영덕군,배추,1479,16.69
1016048,경상북도 영덕군,배추,585,6.6
1016048,경상북도 영덕군,배추,497,5.61
1016048,경상북도 영덕군,배추,4157,46.92
1016048,경상북도 영덕군,배추,2259,25.5
1016048,경상북도 영덕군,배추,1446,16.32
1016048,경상북도 영덕군,배추,5454,61.55
1016048,경상북도 영덕군,배추,2906,32.8
1016048,경상북도 영덕군,배추,2184,24.65
1016048,경상북도 영덕군,배추,1977,22.31
1016048,경상북도 영덕군,배추,192,2.17
1016048,경상북도 영덕군,배추,4637,52.33
1016048,경상북도 영덕군,배추,441,4.98
1016048,경상북도 영덕군,배추,258,2.91
1016048,경상북도 영덕군,배추,1385,15.63
1016048,경상북도 영덕군,배추,1524,17.2
1016048,경상북도 영덕군,배추,1617,18.25
1016048,경상북도 영덕군,배추,1410,15.91
1016048,경상북도 영덕군,배추,181,2.04
1016048,경상북도 영덕군,배추,1804,20.36
1016048,경상북도 영덕군,배추,73,0.82
1016048,경상북도 영덕군,배추,3057,34.5
1016048,경상북도 영덕군,배추,41,0.46
1016048,경상북도 영덕군,배추,120,1.35
1016048,경상북도 영덕군,배추,2014,22.73
1016048,경상북도 영덕군,배추,1235,13.94
1016048,경상북도 영덕군,배추,641,7.23
1016048,경상북도 영덕군,배추,1626,18.35
1016048,경상북도 영덕군,배추,3039,34.3
1016048,경상북도 영덕군,배추,2962,33.43
1016048,경상북도 영덕군,배추,2820,31.83
1016048,경상북도 영덕군,배추,2000,22.57
1016048,경상북도 영덕군,배추,1500,16.93
1016048,경상북도 영덕군,배추,522,5.89
1016048,경상북도 영덕군,배추,1329,15
1016048,경상북도 영덕군,배추,599,6.76
1016048,경상북도 영덕군,배추,648,7.31
1016048,경상북도 영덕군,배추,680,7.67
1016048,경상북도 영덕군,배추,608,6.86
1016048,경상북도 영덕군,배추,899,10.15
1016048,경상북도 영덕군,배추,423,4.77
1016048,경상북도 영덕군,배추,4900,55.3
1016048,경상북도 영덕군,배추,988,11.15
1016048,경상북도 영덕군,배추,936,10.56
1016048,경상북도 영덕군,배추,876,9.89
1016048,경상북도 영덕군,배추,2036,22.98
1016048,경상북도 영덕군,배추,1220,13.77
1016048,경상북도 영덕군,배추,1067,12.04
1016048,경상북도 영덕군,배추,798,9.01
1016048,경상북도 영덕군,배추,3969,44.79
1016048,경상북도 영덕군,배추,2043,23.06
1016048,경상북도 영덕군,배추,823,9.29
1016048,경상북도 영덕군,배추,1881,21.23
1016048,경상북도 영덕군,배추,1269,14.32
1016048,경상북도 영덕군,배추,2023,22.83
1016048,경상북도 영덕군,배추,1269,14.32
1016048,경상북도 영덕군,배추,982,11.08
1016048,경상북도 영덕군,배추,876,9.89
1016048,경상북도 영덕군,배추,245,2.77
1016048,경상북도 영덕군,배추,456,5.15
1016048,경상북도 영덕군,배추,2957,33.37
1016048,경상북도 영덕군,배추,1749,19.74
1016048,경상북도 영덕군,배추,1912,21.58
1016048,경상북도 영덕군,배추,1802,20.34
1016048,경상북도 영덕군,배추,3344,37.74
1016048,경상북도 영덕군,배추,429,4.84
1016048,경상북도 영덕군,배추,500,5.64
1016048,경상북도 영덕군,배추,440,4.97
1016048,경상북도 영덕군,배추,1994,22.5
1016048,경상북도 영덕군,배추,1347,15.2
1016048,경상북도 영덕군,배추,3164,35.71
1016048,경상북도 영덕군,배추,4294,48.46
1016048,경상북도 영덕군,배추,5177,58.43
1016048,경상북도 영덕군,배추,1833,20.69
1016048,경상북도 영덕군,배추,3018,34.06
1016048,경상북도 영덕군,배추,2988,33.72
1016048,경상북도 영덕군,배추,2985,33.69
1016048,경상북도 영덕군,배추,2988,33.72
1016048,경상북도 영덕군,배추,2901,32.74
1016048,경상북도 영덕군,배추,301,3.4
1016048,경상북도 영덕군,배추,1931,21.79
1016048,경상북도 영덕군,배추,2866,32.35
1016048,경상북도 영덕군,배추,921,10.39
1016048,경상북도 영덕군,배추,2140,24.15
1016048,경상북도 영덕군,배추,2744,30.97
1016048,경상북도 영덕군,배추,2411,27.21
1016048,경상북도 영덕군,배추,2636,29.75
1016048,경상북도 영덕군,배추,1990,22.46
1016048,경상북도 영덕군,배추,1983,22.38
1016048,경상북도 영덕군,배추,1586,17.9
1016048,경상북도 영덕군,배추,1690,19.07
1016048,경상북도 영덕군,배추,1045,11.79
1016048,경상북도 영덕군,배추,1749,19.74
1016048,경상북도 영덕군,배추,1597,18.02
1016048,경상북도 영덕군,배추,2602,29.37
1016048,경상북도 영덕군,배추,2500,28.22
1016048,경상북도 영덕군,배추,417,4.71
1016048,경상북도 영덕군,배추,1446,16.32
1016048,경상북도 영덕군,배추,3488,39.37
1016048,경상북도 영덕군,배추,105,1.19
1016048,경상북도 영덕군,배추,2140,24.15
1016048,경상북도 영덕군,배추,1845,20.82
1016048,경상북도 영덕군,배추,1769,19.96
1016048,경상북도 영덕군,배추,4000,45.14
1016048,경상북도 영덕군,배추,3813,43.03
1016048,경상북도 영덕군,배추,863,9.74
1016048,경상북도 영덕군,배추,180,2.03
1016048,경상북도 영덕군,배추,1293,14.59
1016048,경상북도 영덕군,배추,2815,31.77
1016048,경상북도 영덕군,배추,2205,24.89
1016048,경상북도 영덕군,배추,3256,36.75
1016048,경상북도 영덕군,배추,3548,40.04
1016048,경상북도 영덕군,배추,2380,26.86
1016048,경상북도 영덕군,배추,2509,28.32
1016048,경상북도 영덕군,배추,985,11.12
1016048,경상북도 영덕군,배추,1934,21.83
1016048,경상북도 영덕군,배추,5240,59.14
1016048,경상북도 영덕군,배추,2115,23.87
1016048,경상북도 영덕군,배추,2224,25.1
1016048,경상북도 영덕군,배추,2463,27.8
1016048,경상북도 영덕군,배추,1983,22.38
1016048,경상북도 영덕군,배추,2638,29.77
1016048,경상북도 영덕군,배추,3570,40.29
1016048,경상북도 영덕군,배추,2284,25.78
1016048,경상북도 영덕군,배추,1977,22.31
1016048,경상북도 영덕군,배추,2100,23.7
1016048,경상북도 영덕군,배추,1567,17.69
1016048,경상북도 영덕군,배추,26,0.29
1016048,경상북도 영덕군,배추,145,1.64
1016048,경상북도 영덕군,배추,922,10.41
1016048,경상북도 영덕군,배추,1144,12.91
1016048,경상북도 영덕군,배추,661,7.46
1016048,경상북도 영덕군,배추,1189,13.42
1016048,경상북도 영덕군,배추,2122,23.95
1016048,경상북도 영덕군,배추,836,9.44
1016048,경상북도 영덕군,배추,2314,26.12
1016048,경상북도 영덕군,배추,1850,20.88
1016048,경상북도 영덕군,배추,3895,43.96
1016048,경상북도 영덕군,배추,2941,33.19
1016048,경상북도 영덕군,배추,660,7.45
1016048,경상북도 영덕군,배추,120,1.35
1016048,경상북도 영덕군,배추,1269,14.32
1016048,경상북도 영덕군,배추,894,10.09
1016048,경상북도 영덕군,배추,1549,17.48
1016048,경상북도 영덕군,배추,1080,12.19
1016048,경상북도 영덕군,배추,4592,51.83
1016048,경상북도 영덕군,배추,2045,23.08
1016048,경상북도 영덕군,배추,1963,22.15
1016048,경상북도 영덕군,배추,800,9.03
1016048,경상북도 영덕군,배추,2400,27.09
1016048,경상북도 영덕군,배추,1880,21.22
1016048,경상북도 영덕군,배추,906,10.23
1016048,경상북도 영덕군,배추,820,9.25
1016048,경상북도 영덕군,배추,1326,14.97
1016048,경상북도 영덕군,배추,83,0.94
1016048,경상북도 영덕군,배추,15,0.17
1016048,경상북도 영덕군,배추,1547,17.46
1016048,경상북도 영덕군,배추,2750,31.04
1016048,경상북도 영덕군,배추,208,2.35
1016048,경상북도 영덕군,배추,955,10.78
1016048,경상북도 영덕군,배추,668,7.54
1016048,경상북도 영덕군,배추,559,6.31
1016048,경상북도 영덕군,배추,1134,12.8
1016048,경상북도 영덕군,배추,1041,11.75
1016048,경상북도 영덕군,배추,846,9.55
1016048,경상북도 영덕군,배추,443,5
1016048,경상북도 영덕군,배추,1481,16.71
1016048,경상북도 영덕군,배추,2612,29.48
1016048,경상북도 영덕군,배추,1808,20.41
1016048,경상북도 영덕군,배추,268,3.02
1016048,경상북도 영덕군,배추,734,8.28
1016048,경상북도 영덕군,배추,734,8.28
1016048,경상북도 영덕군,배추,4122,46.52
1016048,경상북도 영덕군,배추,1589,17.93
1016048,경상북도 영덕군,배추,4740,53.5
1016048,경상북도 영덕군,배추,772,8.71
1016048,경상북도 영덕군,배추,1430,16.14
1016048,경상북도 영덕군,배추,836,9.44
1016048,경상북도 영덕군,배추,1967,22.2
1016048,경상북도 영덕군,배추,1776,20.04
1016048,경상북도 영덕군,배추,1953,22.04
1016048,경상북도 영덕군,배추,224,2.53
1016048,경상북도 영덕군,배추,148,1.67
1016048,경상북도 영덕군,배추,1160,13.09
1016048,경상북도 영덕군,배추,327,3.69
1016048,경상북도 영덕군,배추,2367,26.71
1016048,경상북도 영덕군,배추,400,4.51
1016048,경상북도 영덕군,배추,1138,12.84
1016048,경상북도 영덕군,배추,1569,17.71
1016048,경상북도 영덕군,배추,3288,37.11
1016048,경상북도 영덕군,배추,1566,17.67
1016048,경상북도 영덕군,배추,2096,23.66
1016048,경상북도 영덕군,배추,883,9.97
1016048,경상북도 영덕군,배추,876,9.89
1016048,경상북도 영덕군,배추,572,6.46
1016048,경상북도 영덕군,배추,610,6.88
1016048,경상북도 영덕군,배추,1438,16.23
1016048,경상북도 영덕군,배추,4767,53.8
1016048,경상북도 영덕군,배추,1838,20.74
1016048,경상북도 영덕군,배추,562,6.34
1016048,경상북도 영덕군,배추,930,10.5
1016048,경상북도 영덕군,배추,1246,14.06
1016048,경상북도 영덕군,배추,2119,23.92
1016048,경상북도 영덕군,배추,996,11.24
1016048,경상북도 영덕군,배추,2354,26.57
1016048,경상북도 영덕군,배추,1322,14.92
1016048,경상북도 영덕군,배추,3775,42.6
1016048,경상북도 영덕군,배추,1837,20.73
1016048,경상북도 영덕군,배추,389,4.39
1016048,경상북도 영덕군,배추,1840,20.77
1016048,경상북도 영덕군,배추,1252,14.13
1016048,경상북도 영덕군,배추,2868,32.37
1016048,경상북도 영덕군,배추,298,3.36
1016048,경상북도 영덕군,배추,2989,33.73
1016048,경상북도 영덕군,배추,3848,43.43
1016048,경상북도 영덕군,배추,2560,28.89
1016048,경상북도 영덕군,배추,2946,33.25
1016048,경상북도 영덕군,배추,2886,32.57
1016048,경상북도 영덕군,배추,2801,31.61
1016048,경상북도 영덕군,배추,707,7.98
1016048,경상북도 영덕군,배추,406,4.58
1016048,경상북도 영덕군,배추,653,7.37
1016048,경상북도 영덕군,배추,713,8.05
1016048,경상북도 영덕군,배추,1279,14.43
1016048,경상북도 영덕군,배추,9319,105.17
1016048,경상북도 영덕군,배추,2301,25.97
1016048,경상북도 영덕군,배추,1437,16.22
1016048,경상북도 영덕군,배추,1392,15.71
1016048,경상북도 영덕군,배추,661,7.46
1016048,경상북도 영덕군,배추,1180,13.32
1016048,경상북도 영덕군,배추,4000,45.14
1016048,경상북도 영덕군,배추,1953,22.04
1016048,경상북도 영덕군,배추,1325,14.95
1016048,경상북도 영덕군,배추,1936,21.85
1016048,경상북도 영덕군,배추,1213,13.69
1016048,경상북도 영덕군,배추,2440,27.54
1016048,경상북도 영덕군,배추,1190,13.43
1016048,경상북도 영덕군,배추,400,4.51
1016048,경상북도 영덕군,배추,221,2.49
1016048,경상북도 영덕군,배추,3115,35.16
1016048,경상북도 영덕군,배추,5487,61.93
1016048,경상북도 영덕군,배추,621,7.01
1016048,경상북도 영덕군,배추,327,3.69
1016048,경상북도 영덕군,배추,1063,12
1016048,경상북도 영덕군,배추,120,1.35
1016048,경상북도 영덕군,배추,1155,13.04
1016048,경상북도 영덕군,배추,400,4.51
1016048,경상북도 영덕군,배추,754,8.51
1016048,경상북도 영덕군,배추,1726,19.48
1016048,경상북도 영덕군,배추,1021,11.52
1016048,경상북도 영덕군,배추,1310,14.78
1016048,경상북도 영덕군,배추,640,7.22
1016048,경상북도 영덕군,배추,1596,18.01
1016048,경상북도 영덕군,배추,3147,35.52
1016048,경상북도 영덕군,배추,1460,16.48
1016048,경상북도 영덕군,배추,570,6.43
1016048,경상북도 영덕군,배추,1835,20.71
1016048,경상북도 영덕군,배추,630,7.11
1016048,경상북도 영덕군,배추,2790,31.49
1016048,경상북도 영덕군,배추,2446,27.61
1016048,경상북도 영덕군,배추,1128,12.73
1016048,경상북도 영덕군,배추,1266,14.29
1016048,경상북도 영덕군,배추,2954,33.34
1016048,경상북도 영덕군,배추,985,11.12
1016048,경상북도 영덕군,배추,246,2.78
1016048,경상북도 영덕군,배추,2009,22.67
1016048,경상북도 영덕군,배추,3052,34.44
1016048,경상북도 영덕군,배추,2288,25.82
1016048,경상북도 영덕군,배추,2846,32.12
1016048,경상북도 영덕군,배추,3746,42.28
1016048,경상북도 영덕군,배추,206,2.32
1016048,경상북도 영덕군,배추,974,10.99
1016048,경상북도 영덕군,배추,736,8.31
1016048,경상북도 영덕군,배추,1015,11.46
1016048,경상북도 영덕군,배추,1665,18.79
1016048,경상북도 영덕군,배추,754,8.51
1016048,경상북도 영덕군,배추,1284,14.49
1016048,경상북도 영덕군,배추,1407,15.88
1016072,전라남도 강진군,배추,1320,7
1016075,전라남도 강진군,배추,3000,16
1016075,전라남도 강진군,배추,1521,8
1016075,전라남도 강진군,배추,1904,11
1016075,전라남도 강진군,배추,1468,8
1016077,전라남도 강진군,배추,1342,8
1016077,전라남도 강진군,배추,2306,12
1016082,전라남도 강진군,배추,2000,11
1016082,전라남도 강진군,배추,1000,6
1016085,전라남도 강진군,배추,1081,6
1016088,전라남도 강진군,배추,3514,19
1016088,전라남도 강진군,배추,1800,10
1016089,전라남도 강진군,배추,8994,50
1016090,전라남도 강진군,배추,1149,6
1016090,전라남도 강진군,배추,224,1
1016090,전라남도 강진군,배추,650,4
1016090,전라남도 강진군,배추,1744,9
1016091,전라남도 강진군,배추,2184,12
1016091,전라남도 강진군,배추,2681,15
1016092,전라남도 강진군,배추,942,4.5
1016092,전라남도 강진군,배추,13,0.5
1016092,전라남도 강진군,배추,1777,10
1016093,전라남도 강진군,배추,981,5
1016093,전라남도 강진군,배추,1590,8
1016093,전라남도 강진군,배추,307,1.5
1016093,전라남도 강진군,배추,661,3
1016093,전라남도 강진군,배추,703,3.5
1017215,충청북도 진천군,배추,700,1
1017215,충청북도 진천군,배추,700,2
1017215,충청북도 진천군,배추,2760,4
1017215,충청북도 진천군,배추,2350,1.3
1017215,충청북도 진천군,배추,900,0.5
1017215,충청북도 진천군,배추,1940,1.1
1017215,충청북도 진천군,배추,877,0.5
1017215,충청북도 진천군,배추,1242,1.8
1017215,충청북도 진천군,배추,9780,5.7
1017215,충청북도 진천군,배추,1000,0.5
1017215,충청북도 진천군,배추,2760,2
1017215,충청북도 진천군,배추,2760,2
1017215,충청북도 진천군,배추,2971,4.4
1017215,충청북도 진천군,배추,3922,4.5
1017215,충청북도 진천군,배추,3922,8.7
1017215,충청북도 진천군,배추,1220,1.8
1017215,충청북도 진천군,배추,1500,4.4
1017215,충청북도 진천군,배추,1500,3
1017215,충청북도 진천군,배추,2510,3.7
1017215,충청북도 진천군,배추,2870,0.8
1017215,충청북도 진천군,배추,1683,0.4
1017215,충청북도 진천군,배추,3107,0.9
1017215,충청북도 진천군,배추,1864,0.5
1017215,충청북도 진천군,배추,1964,0.5
1017215,충청북도 진천군,배추,1471,0.4
1017215,충청북도 진천군,배추,1074,1.5
1017215,충청북도 진천군,배추,1316,1.9
1017215,충청북도 진천군,배추,1600,2.3
1017215,충청북도 진천군,배추,1215,1.8
1017215,충청북도 진천군,배추,1215,1
1017215,충청북도 진천군,배추,1000,1.5
1017215,충청북도 진천군,배추,1000,1.4
1017215,충청북도 진천군,배추,3750,5.5
1017215,충청북도 진천군,배추,710,0.5
1017215,충청북도 진천군,배추,710,0.5
1017215,충청북도 진천군,배추,1405,2
1017467,충청북도 괴산군,배추,19.8,0.1
1017467,충청북도 괴산군,배추,207.8,0.1
1017467,충청북도 괴산군,배추,501.27,0.3
1017467,충청북도 괴산군,배추,1866.75,1
1017561,전라북도 부안군,배추,2645,10.6
1017561,전라북도 부안군,배추,2645,10.6
1017561,전라북도 부안군,배추,2240,9
1017561,전라북도 부안군,배추,3031,12.1
1017561,전라북도 부안군,배추,2240,9
1017561,전라북도 부안군,배추,1974,7.9
1017561,전라북도 부안군,배추,1974,7.9
1017561,전라북도 부안군,배추,1840,7.4
1017561,전라북도 부안군,배추,1840,7.4
1017561,전라북도 부안군,배추,1729,6.9
1017561,전라북도 부안군,배추,3031,12.1
1017561,전라북도 부안군,배추,324,1.3
1017561,전라북도 부안군,배추,92,0.4
1017561,전라북도 부안군,배추,92,0.4
1017561,전라북도 부안군,배추,169,0.7
1017561,전라북도 부안군,배추,169,0.7
1017561,전라북도 부안군,배추,225,0.9
1017561,전라북도 부안군,배추,225,0.9
1017561,전라북도 부안군,배추,3329,13.3
1017561,전라북도 부안군,배추,324,1.3
1017561,전라북도 부안군,배추,340,1.4
1017561,전라북도 부안군,배추,3329,13.3
1017561,전라북도 부안군,배추,3217,12.9
1017561,전라북도 부안군,배추,3217,12.9
1017561,전라북도 부안군,배추,3107,12.4
1017561,전라북도 부안군,배추,1729,6.9
1017561,전라북도 부안군,배추,340,1.4
1017561,전라북도 부안군,배추,1260,5
1017561,전라북도 부안군,배추,1260,5
1017561,전라북도 부안군,배추,584,2.3
1017561,전라북도 부안군,배추,584,2.3
1017561,전라북도 부안군,배추,3107,12.4
1017561,전라북도 부안군,배추,436,1.7
1017561,전라북도 부안군,배추,436,1.7
1017561,전라북도 부안군,배추,11284,45.1
1017561,전라북도 부안군,배추,3583,14.3
1017561,전라북도 부안군,배추,4562,18.2
1017561,전라북도 부안군,배추,4562,18.2
1017561,전라북도 부안군,배추,5869,23.5
1017561,전라북도 부안군,배추,5869,23.5
1017561,전라북도 부안군,배추,6423,25.7
1017561,전라북도 부안군,배추,6423,25.7
1017561,전라북도 부안군,배추,11284,45.1
1017561,전라북도 부안군,배추,3583,14.3
1017563,대전광역시 유성구,배추,840,1.2
1017563,대전광역시 유성구,배추,150,0.3
1017563,대전광역시 유성구,배추,330,0.15
1017563,대전광역시 유성구,배추,150,0.3
1017563,대전광역시 유성구,배추,840,0.7
1017563,대전광역시 유성구,배추,330,0.05
1017563,대전광역시 유성구,배추,840,0.2
1017563,대전광역시 유성구,배추,150,0.1
1017563,대전광역시 유성구,배추,840,0.2
1017563,대전광역시 유성구,배추,150,0.1
1017563,대전광역시 유성구,배추,840,0.35
1017563,대전광역시 유성구,배추,150,0.15
1017563,대전광역시 유성구,배추,840,0.7
1017563,대전광역시 유성구,배추,150,0.3
1017563,대전광역시 유성구,배추,840,0.9
1017563,대전광역시 유성구,배추,150,0.3
1017563,대전광역시 유성구,배추,660,0.7
1017563,대전광역시 유성구,배추,330,0.3
1017563,대전광역시 유성구,배추,2145,0.5
1018169,전라남도 해남군,배추,1247,7
1018169,전라남도 해남군,배추,4010,22
1018169,전라남도 해남군,배추,1740,10
1018298,전라남도 해남군,배추,34,0.24
1018298,전라남도 해남군,배추,316,2.21
1018298,전라남도 해남군,배추,79,0.55
1018298,전라남도 해남군,배추,2380,16.66
1018298,전라남도 해남군,배추,55,0.39
1018298,전라남도 해남군,배추,87,0.61
1018298,전라남도 해남군,배추,178,1.25
1018298,전라남도 해남군,배추,50,0.35
1018298,전라남도 해남군,배추,1498,10.49
1018298,전라남도 해남군,배추,889,6.22
1018298,전라남도 해남군,배추,400,2.8
1018298,전라남도 해남군,배추,172,1.2
1018298,전라남도 해남군,배추,140,0.98
1018298,전라남도 해남군,배추,441,3.09
1018298,전라남도 해남군,배추,675,4.73
1018298,전라남도 해남군,배추,66,0.46
1018298,전라남도 해남군,배추,75,0.53
1018298,전라남도 해남군,배추,130,0.91
1018298,전라남도 해남군,배추,1061,7.43
1018298,전라남도 해남군,배추,1540,10.78
1018298,전라남도 해남군,배추,130,0.91
1018298,전라남도 해남군,배추,60,0.42
1018298,전라남도 해남군,배추,2646,18.52
1018298,전라남도 해남군,배추,10904,76.33
1018298,전라남도 해남군,배추,90,0.63
1018298,전라남도 해남군,배추,84,0.59
1018298,전라남도 해남군,배추,2300,16.1
1018298,전라남도 해남군,배추,2500,17.5
1018298,전라남도 해남군,배추,2850,19.95
1018298,전라남도 해남군,배추,2000,14
1018298,전라남도 해남군,배추,100,0.7
1018298,전라남도 해남군,배추,1200,8.4
1018298,전라남도 해남군,배추,1339,9.37
1018298,전라남도 해남군,배추,499,3.49
1018298,전라남도 해남군,배추,2350,16.45
1018298,전라남도 해남군,배추,1020,7.14
1018298,전라남도 해남군,배추,777,5.44
1018298,전라남도 해남군,배추,381,2.67
1018298,전라남도 해남군,배추,875,6.13
1018298,전라남도 해남군,배추,50,0.35
1018298,전라남도 해남군,배추,45,0.32
1018298,전라남도 해남군,배추,40,0.28
1018298,전라남도 해남군,배추,1220,8.54
1018298,전라남도 해남군,배추,50,0.35
1018298,전라남도 해남군,배추,230,1.61
1018298,전라남도 해남군,배추,35,0.25
1018298,전라남도 해남군,배추,125,0.88
1018298,전라남도 해남군,배추,1246,8.72
1018298,전라남도 해남군,배추,393,2.75
1018298,전라남도 해남군,배추,350,2.45
1018298,전라남도 해남군,배추,4407,30.85
1018298,전라남도 해남군,배추,790,5.53
1018298,전라남도 해남군,배추,2580,18.06
1018298,전라남도 해남군,배추,100,0.7
1018298,전라남도 해남군,배추,70,0.49
1018298,전라남도 해남군,배추,3187,22.31
1018298,전라남도 해남군,배추,1709,11.96
1018298,전라남도 해남군,배추,41,0.29
1018298,전라남도 해남군,배추,1645,11.52
1018298,전라남도 해남군,배추,85,0.6
1018298,전라남도 해남군,배추,50,0.35
1018298,전라남도 해남군,배추,60,0.42
1018298,전라남도 해남군,배추,110,0.77
1018298,전라남도 해남군,배추,100,0.7
1018298,전라남도 해남군,배추,850,5.95
1018298,전라남도 해남군,배추,650,4.55
1018298,전라남도 해남군,배추,860,6.02
1018298,전라남도 해남군,배추,626,4.38
1018298,전라남도 해남군,배추,1002,7.01
1018298,전라남도 해남군,배추,840,5.88
1018298,전라남도 해남군,배추,1180,8.26
1018298,전라남도 해남군,배추,280,1.96
1018298,전라남도 해남군,배추,230,1.61
1018298,전라남도 해남군,배추,3047,21.33
1018298,전라남도 해남군,배추,1342,9.39
1018298,전라남도 해남군,배추,1184,8.29
1018298,전라남도 해남군,배추,400,2.8
1018298,전라남도 해남군,배추,50,0.35
1018298,전라남도 해남군,배추,685,4.8
1018298,전라남도 해남군,배추,180,1.26
1018298,전라남도 해남군,배추,80,0.56
1018298,전라남도 해남군,배추,300,2.1
1018298,전라남도 해남군,배추,160,1.12
1018298,전라남도 해남군,배추,110,0.77
1018298,전라남도 해남군,배추,85,0.6
1018298,전라남도 해남군,배추,5200,36.4
1018298,전라남도 해남군,배추,1230,8.61
1018298,전라남도 해남군,배추,88,0.62
1018298,전라남도 해남군,배추,58,0.41
1018298,전라남도 해남군,배추,7277,50.94
1018298,전라남도 해남군,배추,8700,60.9
1018298,전라남도 해남군,배추,580,4.06
1018298,전라남도 해남군,배추,1020,7.14
1018298,전라남도 해남군,배추,1600,11.2
1018299,전라남도 해남군,배추,202,1.41
1018299,전라남도 해남군,배추,192,1.34
1018299,전라남도 해남군,배추,112,0.78
1018299,전라남도 해남군,배추,30,0.21
1018299,전라남도 해남군,배추,670,4.69
1018299,전라남도 해남군,배추,1250,8.75
1018299,전라남도 해남군,배추,40,0.28
1018299,전라남도 해남군,배추,304,2.13
1018299,전라남도 해남군,배추,246,1.72
1018299,전라남도 해남군,배추,1268,8.88
1018299,전라남도 해남군,배추,120,0.84
1018299,전라남도 해남군,배추,30,0.21
1018299,전라남도 해남군,배추,1960,13.72
1018299,전라남도 해남군,배추,1569,10.98
1018299,전라남도 해남군,배추,905,6.34
1018299,전라남도 해남군,배추,1268,8.88
1018299,전라남도 해남군,배추,120,0.84
1018299,전라남도 해남군,배추,1900,13.3
1018299,전라남도 해남군,배추,20,0.14
1018299,전라남도 해남군,배추,1600,11.2
1018299,전라남도 해남군,배추,50,0.35
1018299,전라남도 해남군,배추,2668,18.68
1018299,전라남도 해남군,배추,1600,11.2
1018299,전라남도 해남군,배추,1231,8.62
1018299,전라남도 해남군,배추,152,1.06
1018299,전라남도 해남군,배추,316,2.21
1018299,전라남도 해남군,배추,110,0.77
1018299,전라남도 해남군,배추,580,4.06
1018299,전라남도 해남군,배추,120,0.84
1018299,전라남도 해남군,배추,4400,30.8
1018299,전라남도 해남군,배추,2818,19.73
1018299,전라남도 해남군,배추,1587,11.11
1018299,전라남도 해남군,배추,142,0.99
1018299,전라남도 해남군,배추,71,0.5
1018299,전라남도 해남군,배추,2400,16.8
1018299,전라남도 해남군,배추,200,1.4
1018583,경상남도 김해시,배추,1338,4
1018583,경상남도 김해시,배추,585,1.2
1018583,경상남도 김해시,배추,585,1.8
1018583,경상남도 김해시,배추,585,5.8
1018583,경상남도 김해시,배추,585,5.8
1018583,경상남도 김해시,배추,931,9.3
1018583,경상남도 김해시,배추,908,9
1018583,경상남도 김해시,배추,908,9
1018583,경상남도 김해시,배추,908,2.7
1018583,경상남도 김해시,배추,908,1.8
1018583,경상남도 김해시,배추,785,1.6
1018583,경상남도 김해시,배추,785,2.4
1018583,경상남도 김해시,배추,785,7.8
1018583,경상남도 김해시,배추,785,7.8
1018583,경상남도 김해시,배추,254,2.5
1018583,경상남도 김해시,배추,254,2.5
1018583,경상남도 김해시,배추,254,0.8
1018583,경상남도 김해시,배추,254,0.5
1018583,경상남도 김해시,배추,931,9.3
1018583,경상남도 김해시,배추,931,1.9
1018583,경상남도 김해시,배추,931,2.8
1018583,경상남도 김해시,배추,1175,3.5
1018583,경상남도 김해시,배추,3160,9.5
1018583,경상남도 김해시,배추,1857,18.5
1018583,경상남도 김해시,배추,1346,2.7
1018583,경상남도 김해시,배추,1346,4
1018583,경상남도 김해시,배추,125,1.3
1018583,경상남도 김해시,배추,709,2.1
1018583,경상남도 김해시,배추,709,1.4
1018583,경상남도 김해시,배추,125,0.3
1018583,경상남도 김해시,배추,125,1.3
1018583,경상남도 김해시,배추,709,7.1
1018583,경상남도 김해시,배추,1346,13.5
1018583,경상남도 김해시,배추,1620,16.2
1018583,경상남도 김해시,배추,1620,16.2
1018583,경상남도 김해시,배추,1620,4.9
1018583,경상남도 김해시,배추,1620,3.2
1018583,경상남도 김해시,배추,1869,5.6
1018583,경상남도 김해시,배추,858,2.6
1018583,경상남도 김해시,배추,1857,5.6
1018583,경상남도 김해시,배추,1857,3.7
1018583,경상남도 김해시,배추,1857,18.5
1018583,경상남도 김해시,배추,709,7.1
1018583,경상남도 김해시,배추,1346,13.5
1018583,경상남도 김해시,배추,125,1.3
1018603,경상남도 통영시,배추,984,1.5
1018603,경상남도 통영시,배추,839,1
1018603,경상남도 통영시,배추,839,1.2
1018609,경상남도 통영시,배추,204,2
1018609,경상남도 통영시,배추,781,1
1018609,경상남도 통영시,배추,205,1
1018609,경상남도 통영시,배추,242,1
1018612,경상남도 통영시,배추,128,0.3
1018612,경상남도 통영시,배추,181,0.5
1018612,경상남도 통영시,배추,82,0.2
1018612,경상남도 통영시,배추,128,0.3
1018612,경상남도 통영시,배추,181,0.5
1018612,경상남도 통영시,배추,82,0.2
1018612,경상남도 통영시,배추,128,0.3
1018612,경상남도 통영시,배추,181,0.5
1018612,경상남도 통영시,배추,82,0.2
1018612,경상남도 통영시,배추,128,0.3
1018612,경상남도 통영시,배추,181,0.5
1018612,경상남도 통영시,배추,82,0.2
1018612,경상남도 통영시,배추,82,0.2
1018612,경상남도 통영시,배추,181,0.5
1018612,경상남도 통영시,배추,128,0.3
1018612,경상남도 통영시,배추,82,0.2
1018612,경상남도 통영시,배추,128,0.3
1018612,경상남도 통영시,배추,181,0.5
1018612,경상남도 통영시,배추,82,0.2
1018612,경상남도 통영시,배추,128,0.3
1018612,경상남도 통영시,배추,181,0.5
1018612,경상남도 통영시,배추,82,0.2
1018612,경상남도 통영시,배추,128,0.3
1018612,경상남도 통영시,배추,181,0.5
1018612,경상남도 통영시,배추,82,0.2
1018612,경상남도 통영시,배추,128,0.3
1018612,경상남도 통영시,배추,82,0.2
1018612,경상남도 통영시,배추,181,0.5
1018612,경상남도 통영시,배추,82,0.2
1018612,경상남도 통영시,배추,128,0.3
1018612,경상남도 통영시,배추,181,0.5
1018612,경상남도 통영시,배추,82,0.2
1018612,경상남도 통영시,배추,181,0.5
1018612,경상남도 통영시,배추,128,0.3
1018612,경상남도 통영시,배추,82,0.2
1018612,경상남도 통영시,배추,128,0.3
1018612,경상남도 통영시,배추,128,0.3
1018612,경상남도 통영시,배추,82,0.2
1018612,경상남도 통영시,배추,181,0.5
1018612,경상남도 통영시,배추,128,0.3
1018612,경상남도 통영시,배추,181,0.5
1018612,경상남도 통영시,배추,82,0.2
1018612,경상남도 통영시,배추,128,0.3
1018612,경상남도 통영시,배추,181,0.5
1018612,경상남도 통영시,배추,181,0.5
